"treatment","day","datej","FA","FD","UA","UD"
0,1,0,4,0,0,0
3,1,0,0,1,0,2
0,1,0,5,0,0,0
5,1,0,0,2,0,0
1,1,0,0,2,0,1
2,1,0,0,0,0,1
2,1,0,0,0,0,2
5,1,0,0,1,0,0
4,1,0,0,5,0,0
3,1,0,0,1,0,1
2,1,0,0,4,0,1
5,1,0,1,0,0,3
1,1,0,0,0,0,2
0,1,0,5,0,0,0
4,1,0,0,5,0,4
1,1,0,0,2,0,1
5,1,0,0,7,0,0
0,1,0,3,0,0,0
3,1,0,0,0,0,1
2,1,0,0,5,0,0
0,2,2,1,0,0,0
3,2,2,0,14,0,0
0,2,2,24,0,1,0
5,2,2,1,19,2,9
4,2,2,0,6,0,6
1,2,2,0,9,0,0
2,2,2,0,1,0,0
5,2,2,0,2,1,2
1,2,2,0,3,0,0
4,2,2,0,7,0,6
3,2,2,0,4,0,0
2,2,2,0,8,0,4
3,2,2,0,6,0,3
1,2,2,0,2,0,2
0,2,2,3,0,4,0
4,2,2,0,1,0,0
1,2,2,1,0,0,3
5,2,2,7,16,7,14
0,2,2,4,1,29,1
3,2,2,0,0,0,2
2,2,2,0,10,0,3
4,2,2,0,5,0,0
0,3,4,3,0,4,0
3,3,4,0,0,0,3
0,3,4,18,0,6,0
5,3,4,2,3,3,4
4,3,4,0,7,0,1
1,3,4,0,3,0,1
2,3,4,1,0,0,0
2,3,4,0,1,0,0
5,3,4,0,0,0,2
1,3,4,0,4,0,0
4,3,4,0,1,0,0
3,3,4,0,4,0,2
2,3,4,0,9,0,1
3,3,4,0,2,0,2
5,3,4,6,5,1,1
1,3,4,0,1,0,0
0,3,4,5,2,0,0
4,3,4,0,9,0,3
1,3,4,0,4,0,5
5,3,4,3,3,3,5
0,3,4,4,0,9,0
3,3,4,0,2,0,18
2,3,4,0,4,0,4
4,3,4,0,5,0,1
0,4,7,1,0,0,0
3,4,7,0,0,0,4
0,4,7,2,0,0,0
5,4,7,0,11,0,0
4,4,7,0,6,0,1
1,4,7,0,7,0,1
2,4,7,0,1,0,3
2,4,7,0,1,0,0
5,4,7,0,1,0,0
1,4,7,0,0,0,1
4,4,7,0,4,0,2
3,4,7,0,3,0,0
2,4,7,0,2,0,2
3,4,7,0,25,0,4
5,4,7,4,1,0,1
1,4,7,0,0,0,2
0,4,7,4,0,2,0
4,4,7,0,5,0,0
1,4,7,0,0,0,1
5,4,7,6,2,0,0
0,4,7,1,0,1,0
3,4,7,0,0,0,2
2,4,7,0,18,0,3
4,4,7,0,0,1,1
0,5,9,7,1,0,0
3,5,9,0,0,0,5
0,5,9,1,0,0,0
5,5,9,0,2,1,1
4,5,9,0,6,0,0
1,5,9,0,8,0,2
2,5,9,0,5,0,1
2,5,9,0,3,0,0
5,5,9,1,4,1,2
1,5,9,0,1,0,0
4,5,9,0,3,0,4
3,5,9,0,1,0,4
2,5,9,0,0,0,3
3,5,9,0,6,0,0
5,5,9,14,3,1,0
1,5,9,0,2,0,2
0,5,9,7,0,0,0
4,5,9,0,3,0,1
1,5,9,0,5,0,0
5,5,9,3,3,7,8
0,5,9,11,0,2,1
3,5,9,0,0,0,1
2,5,9,0,2,0,10
4,5,9,0,4,0,33
0,6,11,3,0,1,0
3,6,11,0,0,0,1
0,6,11,6,0,2,0
5,6,11,0,2,0,2
4,6,11,0,7,0,0
1,6,11,0,0,0,1
2,6,11,0,3,0,0
5,6,11,1,1,0,5
1,6,11,0,4,0,2
4,6,11,0,3,0,0
2,6,11,0,2,0,3
3,6,11,0,8,0,5
5,6,11,0,1,0,2
1,6,11,0,9,0,0
0,6,11,2,0,1,0
4,6,11,0,6,0,3
1,6,11,0,2,0,0
5,6,11,4,0,2,1
0,6,11,7,1,0,0
3,6,11,0,4,0,1
2,6,11,0,3,0,4
4,6,11,0,8,0,16
3,7,14,0,1,0,1
0,7,14,9,0,0,0
5,7,14,1,6,1,10
4,7,14,0,3,0,0
1,7,14,0,0,0,2
2,7,14,0,1,0,1
2,7,14,0,11,0,1
5,7,14,0,5,0,1
1,7,14,0,1,0,0
4,7,14,0,5,0,3
2,7,14,0,1,0,6
3,7,14,0,13,0,1
5,7,14,2,2,0,0
1,7,14,0,2,0,0
0,7,14,37,2,0,0
4,7,14,0,4,1,1
1,7,14,0,5,0,2
5,7,14,1,1,1,3
0,7,14,2,0,0,0
3,7,14,0,2,0,2
2,7,14,1,13,0,2
4,7,14,0,2,0,2
0,8,16,0,0,1,0
5,8,16,3,2,0,0
4,8,16,0,2,0,1
1,8,16,0,6,0,0
2,8,16,0,1,0,0
2,8,16,0,22,0,4
5,8,16,3,3,1,1
1,8,16,0,3,0,0
4,8,16,0,0,0,4
3,8,16,0,4,0,0
2,8,16,0,0,0,2
3,8,16,0,7,0,13
5,8,16,0,22,0,3
1,8,16,0,5,0,1
0,8,16,8,0,1,0
4,8,16,0,5,0,5
1,8,16,0,6,0,3
5,8,16,4,4,0,0
0,8,16,0,0,4,0
3,8,16,0,0,0,1
2,8,16,0,1,0,7
4,8,16,0,0,3,0
0,9,18,2,0,5,0
3,9,18,0,0,0,1
0,9,18,0,0,1,0
5,9,18,0,0,0,3
4,9,18,0,3,0,9
1,9,18,0,1,0,4
2,9,18,0,0,0,3
2,9,18,0,0,1,1
5,9,18,2,1,2,1
1,9,18,0,1,0,13
4,9,18,0,9,0,4
3,9,18,0,0,0,2
2,9,18,0,2,1,0
3,9,18,0,3,0,6
5,9,18,0,0,1,4
1,9,18,0,0,0,11
0,9,18,12,0,6,0
4,9,18,0,10,0,3
1,9,18,0,2,0,1
5,9,18,0,1,0,4
0,9,18,1,0,1,0
3,9,18,0,0,1,0
2,9,18,0,5,0,4
4,9,18,0,1,3,3
0,10,21,1,0,0,0
3,10,21,0,0,0,1
0,10,21,3,0,0,0
4,10,21,0,2,0,1
1,10,21,0,1,0,0
2,10,21,0,3,0,3
2,10,21,0,5,0,0
5,10,21,1,1,1,1
1,10,21,0,8,0,2
4,10,21,2,5,3,6
3,10,21,0,0,0,2
2,10,21,1,4,0,2
3,10,21,0,14,0,1
5,10,21,6,0,3,0
1,10,21,0,7,0,2
0,10,21,5,1,21,1
4,10,21,0,11,1,1
1,10,21,0,0,0,1
5,10,21,3,1,1,1
0,10,21,2,1,1,1
3,10,21,0,3,1,1
2,10,21,1,1,0,1
4,10,21,0,4,0,0
0,11,23,5,1,1,1
3,11,23,0,2,0,1
0,11,23,3,7,1,1
5,11,23,5,2,3,3
4,11,23,0,4,0,0
1,11,23,0,4,0,0
2,11,23,0,4,0,0
2,11,23,0,0,0,1
5,11,23,1,3,0,0
4,11,23,0,9,0,5
3,11,23,0,5,0,1
2,11,23,0,6,0,0
3,11,23,1,11,0,0
5,11,23,8,0,2,1
1,11,23,1,5,1,1
0,11,23,8,1,18,0
4,11,23,0,4,1,15
1,11,23,0,10,0,0
5,11,23,0,5,0,0
0,11,23,4,1,2,0
3,11,23,0,2,0,3
2,11,23,0,18,1,3
4,11,23,0,1,0,2
0,12,25,14,0,0,0
3,12,25,0,4,1,0
0,12,25,2,0,4,0
5,12,25,11,0,11,0
4,12,25,1,4,0,3
1,12,25,0,1,0,0
2,12,25,0,3,1,1
2,12,25,0,4,0,0
5,12,25,3,4,3,6
1,12,25,0,4,0,4
4,12,25,0,0,0,7
3,12,25,0,7,0,3
2,12,25,1,2,0,2
3,12,25,0,7,0,2
5,12,25,6,5,8,10
1,12,25,2,1,1,2
0,12,25,6,0,2,0
4,12,25,1,9,1,14
1,12,25,0,4,1,24
5,12,25,2,1,9,5
0,12,25,9,2,3,2
3,12,25,2,7,0,0
2,12,25,0,4,1,3
4,12,25,0,16,0,1
0,13,28,21,0,2,0
3,13,28,0,2,0,4
0,13,28,22,0,3,0
5,13,28,0,5,0,3
4,13,28,1,0,1,3
1,13,28,1,5,0,1
2,13,28,0,0,0,1
2,13,28,0,1,0,0
5,13,28,7,3,1,1
1,13,28,0,0,1,2
4,13,28,0,3,0,0
3,13,28,0,0,1,1
2,13,28,0,5,0,0
5,13,28,1,1,0,0
1,13,28,0,1,4,0
0,13,28,15,1,1,2
4,13,28,1,2,2,5
1,13,28,0,0,0,3
5,13,28,14,15,11,11
0,13,28,3,1,1,0
3,13,28,0,1,0,0
2,13,28,1,13,1,0
4,13,28,1,0,0,0
0,14,30,8,0,5,0
3,14,30,4,6,0,0
0,14,30,10,9,0,0
5,14,30,12,14,3,3
4,14,30,0,3,0,0
1,14,30,0,7,0,1
2,14,30,0,0,0,2
2,14,30,0,0,0,2
5,14,30,0,7,0,0
1,14,30,0,1,0,0
3,14,30,0,3,0,2
2,14,30,0,4,0,4
3,14,30,2,19,1,3
5,14,30,1,0,0,0
1,14,30,0,12,0,0
0,14,30,21,10,1,1
4,14,30,0,20,0,0
1,14,30,0,6,0,3
5,14,30,0,1,4,1
0,14,30,12,17,2,2
3,14,30,3,9,0,0
2,14,30,0,2,0,1
4,14,30,3,10,1,0
0,15,32,2,0,1,0
3,15,32,0,1,0,1
0,15,32,19,0,1,0
5,15,32,2,4,1,9
4,15,32,0,18,0,0
1,15,32,0,3,0,3
2,15,32,0,3,0,0
5,15,32,0,1,3,5
4,15,32,0,10,0,1
3,15,32,0,0,0,2
2,15,32,0,11,0,0
3,15,32,0,3,0,0
5,15,32,2,0,0,1
1,15,32,0,1,0,0
0,15,32,0,0,1,0
4,15,32,0,9,0,5
1,15,32,0,5,0,1
5,15,32,3,1,3,2
0,15,32,9,0,2,0
3,15,32,0,1,0,2
2,15,32,1,7,0,2
0,16,35,4,1,1,2
3,16,35,0,5,0,0
0,16,35,10,1,5,1
5,16,35,15,1,0,0
4,16,35,0,21,0,0
1,16,35,0,7,0,0
2,16,35,0,2,0,3
2,16,35,0,1,0,0
5,16,35,7,2,0,1
1,16,35,0,0,0,1
3,16,35,0,1,0,0
2,16,35,0,7,0,0
3,16,35,1,45,0,0
5,16,35,0,0,2,0
1,16,35,0,37,0,0
0,16,35,4,0,3,1
4,16,35,0,11,0,0
1,16,35,1,4,0,4
5,16,35,5,1,0,0
0,16,35,6,0,0,0
3,16,35,4,25,1,1
2,16,35,0,3,0,10
4,16,35,1,12,1,4
0,17,37,8,2,0,0
3,17,37,1,3,1,1
0,17,37,4,1,4,1
5,17,37,3,0,1,0
4,17,37,5,7,6,6
1,17,37,0,8,0,1
2,17,37,0,3,0,0
2,17,37,0,3,0,4
5,17,37,2,1,0,0
1,17,37,0,0,0,1
4,17,37,0,0,0,1
3,17,37,0,3,0,2
2,17,37,0,17,1,1
3,17,37,0,3,0,2
5,17,37,33,40,2,1
1,17,37,3,5,0,0
0,17,37,10,11,1,2
4,17,37,0,1,1,34
1,17,37,0,14,0,1
5,17,37,7,15,3,3
0,17,37,14,10,1,1
3,17,37,1,3,1,1
2,17,37,1,12,1,17
4,17,37,1,14,1,9
0,18,39,8,1,4,1
3,18,39,0,4,0,0
0,18,39,5,0,0,1
5,18,39,0,0,3,2
4,18,39,3,2,0,1
1,18,39,0,7,0,0
2,18,39,0,3,0,4
2,18,39,0,2,0,1
5,18,39,0,3,0,5
1,18,39,0,1,0,0
4,18,39,0,2,0,1
3,18,39,0,1,0,5
2,18,39,0,16,1,6
3,18,39,0,7,0,6
5,18,39,15,6,3,3
1,18,39,3,11,2,1
0,18,39,8,7,1,1
4,18,39,34,0,2,0
1,18,39,0,5,0,1
5,18,39,18,7,3,2
0,18,39,6,3,3,3
3,18,39,0,1,0,0
2,18,39,0,0,2,11
4,18,39,1,9,0,15
0,19,42,1,2,0,3
3,19,42,0,7,0,0
0,19,42,2,1,0,0
5,19,42,0,9,0,8
4,19,42,0,11,0,12
1,19,42,0,26,0,1
2,19,42,0,5,0,1
2,19,42,0,1,0,0
5,19,42,10,12,2,2
1,19,42,0,3,0,4
4,19,42,0,2,0,1
3,19,42,0,2,0,0
2,19,42,1,5,1,2
3,19,42,0,17,0,44
5,19,42,2,12,2,2
1,19,42,0,11,0,0
0,19,42,16,2,3,2
4,19,42,0,12,1,0
1,19,42,0,14,0,2
5,19,42,0,1,3,2
0,19,42,1,1,0,0
3,19,42,0,9,0,2
2,19,42,1,8,0,0
4,19,42,3,5,0,0
0,20,44,0,4,0,3
3,20,44,0,0,0,2
0,20,44,2,2,2,3
5,20,44,2,5,1,1
4,20,44,0,3,0,1
1,20,44,1,15,0,3
2,20,44,0,3,0,4
2,20,44,0,5,0,2
5,20,44,7,6,8,9
1,20,44,0,3,0,0
4,20,44,0,3,0,1
3,20,44,0,2,1,0
2,20,44,0,4,0,1
3,20,44,1,6,0,12
5,20,44,12,2,3,1
1,20,44,3,9,0,1
0,20,44,0,0,1,3
4,20,44,0,15,0,3
1,20,44,0,7,0,2
5,20,44,2,8,2,5
0,20,44,4,3,3,3
3,20,44,0,2,0,2
2,20,44,1,13,1,17
4,20,44,1,8,1,1
0,21,46,5,0,0,1
3,21,46,0,3,0,1
5,21,46,1,6,0,0
4,21,46,1,2,2,1
1,21,46,0,3,0,1
2,21,46,0,4,0,5
2,21,46,0,4,0,3
5,21,46,12,13,1,2
1,21,46,0,1,0,1
4,21,46,0,4,0,6
3,21,46,0,0,0,7
2,21,46,1,2,0,7
3,21,46,0,4,0,2
5,21,46,1,9,1,9
1,21,46,0,23,0,7
0,21,46,11,2,10,2
4,21,46,1,15,1,3
1,21,46,1,14,1,2
5,21,46,3,16,3,12
0,21,46,6,1,4,1
3,21,46,0,1,0,3
2,21,46,3,14,3,13
4,21,46,3,8,2,15
0,22,49,0,4,0,5
3,22,49,2,2,0,0
0,22,49,3,2,2,1
5,22,49,9,5,12,5
4,22,49,5,12,1,1
1,22,49,1,7,1,4
2,22,49,0,2,0,1
2,22,49,1,3,2,2
5,22,49,5,10,3,3
1,22,49,1,7,0,1
4,22,49,3,20,2,2
3,22,49,0,4,0,0
2,22,49,0,4,0,3
3,22,49,5,14,1,0
5,22,49,25,14,6,6
1,22,49,1,12,1,4
0,22,49,0,0,5,14
4,22,49,1,19,1,1
1,22,49,2,13,1,4
5,22,49,19,29,7,6
0,22,49,7,0,1,0
3,22,49,0,6,0,0
2,22,49,5,7,5,19
4,22,49,0,12,1,1
0,23,51,21,1,0,0
3,23,51,0,4,0,1
0,23,51,11,7,0,0
5,23,51,3,7,2,14
4,23,51,0,6,1,2
1,23,51,0,1,0,0
2,23,51,0,6,0,1
2,23,51,0,4,0,1
5,23,51,1,12,1,5
1,23,51,0,1,2,2
4,23,51,1,19,0,2
3,23,51,0,7,1,0
2,23,51,0,8,0,2
3,23,51,0,9,0,2
5,23,51,15,12,1,1
1,23,51,0,7,1,4
0,23,51,8,7,3,3
4,23,51,0,16,0,17
1,23,51,0,6,0,3
5,23,51,6,1,0,0
0,23,51,3,7,0,1
3,23,51,0,2,0,0
2,23,51,0,7,0,0
0,24,53,10,6,3,3
3,24,53,0,4,0,0
0,24,53,5,1,3,1
5,24,53,5,3,0,0
4,24,53,0,8,1,1
1,24,53,0,7,0,1
2,24,53,1,10,0,0
2,24,53,0,0,1,2
5,24,53,0,1,0,1
1,24,53,0,3,1,3
4,24,53,0,12,0,0
3,24,53,0,12,0,0
2,24,53,0,4,0,1
3,24,53,0,9,1,1
5,24,53,6,3,27,3
1,24,53,0,2,0,3
0,24,53,11,0,2,1
4,24,53,0,16,0,17
1,24,53,2,6,2,7
5,24,53,5,5,29,16
0,24,53,0,0,11,0
3,24,53,7,16,0,0
2,24,53,6,12,1,2
4,24,53,0,4,0,1
0,25,56,12,0,13,0
3,25,56,0,3,0,1
0,25,56,5,0,16,0
5,25,56,3,0,0,0
4,25,56,3,3,1,0
1,25,56,0,1,0,0
2,25,56,0,0,0,14
5,25,56,11,9,0,1
1,25,56,0,0,3,9
4,25,56,0,0,1,8
3,25,56,2,4,2,13
2,25,56,1,3,1,0
3,25,56,0,0,1,3
5,25,56,5,1,6,2
1,25,56,3,10,1,1
0,25,56,14,1,3,0
4,25,56,0,9,1,5
1,25,56,0,3,1,1
5,25,56,16,11,34,10
0,25,56,13,1,21,0
3,25,56,9,7,0,0
2,25,56,6,25,1,1
4,25,56,4,7,1,1
0,26,58,5,2,16,2
3,26,58,0,13,0,20
0,26,58,20,6,7,5
5,26,58,27,16,3,3
4,26,58,0,4,0,5
1,26,58,0,5,0,0
2,26,58,0,0,0,2
2,26,58,0,2,0,5
5,26,58,4,4,3,30
1,26,58,0,3,0,0
4,26,58,0,3,0,3
3,26,58,1,3,0,7
2,26,58,0,4,0,0
3,26,58,1,8,2,8
5,26,58,2,1,10,0
1,26,58,1,2,1,1
0,26,58,24,1,13,1
4,26,58,3,29,2,2
1,26,58,4,12,4,10
5,26,58,5,4,68,45
0,26,58,32,3,14,3
3,26,58,1,3,1,9
2,26,58,6,6,11,19
4,26,58,5,17,0,0
0,27,60,8,1,2,2
3,27,60,0,3,0,6
0,27,60,39,2,4,1
5,27,60,19,13,1,1
4,27,60,4,16,2,3
1,27,60,0,2,0,2
2,27,60,1,4,0,0
2,27,60,1,1,3,10
5,27,60,0,0,0,8
1,27,60,0,3,1,4
4,27,60,0,4,0,2
3,27,60,0,1,0,7
2,27,60,3,19,2,3
3,27,60,3,8,0,1
5,27,60,1,1,0,15
1,27,60,0,2,0,0
0,27,60,11,1,4,1
4,27,60,0,7,0,0
1,27,60,1,11,0,0
5,27,60,6,2,2,1
0,27,60,4,1,9,1
3,27,60,1,0,0,4
2,27,60,0,4,0,5
4,27,60,1,1,0,0
0,28,63,5,0,30,0
3,28,63,6,8,6,25
0,28,63,30,7,4,3
5,28,63,30,17,2,3
4,28,63,0,21,0,0
1,28,63,1,13,0,0
2,28,63,0,9,0,1
2,28,63,0,1,0,3
5,28,63,4,5,18,5
1,28,63,3,2,4,5
4,28,63,0,3,0,1
3,28,63,3,9,4,6
2,28,63,1,11,2,3
3,28,63,8,36,2,2
5,28,63,21,0,15,0
1,28,63,8,4,27,4
0,28,63,14,3,4,3
4,28,63,0,5,0,2
1,28,63,4,24,1,2
5,28,63,32,32,9,9
0,28,63,35,1,4,0
3,28,63,15,7,13,8
2,28,63,1,10,1,1
4,28,63,8,7,9,17
0,29,65,32,1,3,2
3,29,65,0,6,0,9
0,29,65,28,1,9,2
5,29,65,5,3,2,2
4,29,65,12,43,10,11
1,29,65,4,53,4,3
2,29,65,7,23,1,1
2,29,65,4,5,7,7
5,29,65,30,9,34,8
1,29,65,0,1,0,0
4,29,65,0,13,1,18
3,29,65,1,5,0,6
2,29,65,8,9,4,3
3,29,65,3,6,4,21
5,29,65,44,5,31,5
1,29,65,20,5,14,6
0,29,65,7,0,6,0
4,29,65,3,2,4,4
1,29,65,9,9,5,5
5,29,65,17,7,36,7
0,29,65,65,4,2,1
3,29,65,9,15,2,2
2,29,65,14,14,66,28
4,29,65,1,2,0,4
0,30,67,14,1,1,0
3,30,67,2,15,0,0
0,30,67,22,1,4,0
5,30,67,9,19,9,23
4,30,67,2,36,3,7
1,30,67,2,18,0,1
2,30,67,0,23,0,0
2,30,67,0,9,0,0
5,30,67,6,8,6,5
4,30,67,1,1,5,8
3,30,67,0,13,0,13
2,30,67,9,8,2,1
3,30,67,9,20,10,31
5,30,67,5,4,2,1
1,30,67,34,23,3,3
0,30,67,53,3,14,4
4,30,67,9,16,2,3
1,30,67,1,5,2,1
5,30,67,17,2,40,2
0,30,67,30,1,23,1
3,30,67,2,6,1,2
2,30,67,9,26,9,20
4,30,67,19,23,19,50
0,31,70,1,0,11,0
3,31,70,0,3,0,4
0,31,70,11,0,1,0
5,31,70,3,6,0,1
4,31,70,4,39,2,3
1,31,70,1,16,1,1
2,31,70,3,10,2,26
2,31,70,2,10,0,0
5,31,70,25,17,3,3
1,31,70,1,0,0,1
4,31,70,0,1,0,2
3,31,70,0,13,0,0
2,31,70,2,15,2,2
3,31,70,2,16,2,2
5,31,70,3,2,3,1
1,31,70,8,10,1,0
0,31,70,66,0,3,0
4,31,70,1,12,0,0
1,31,70,13,23,2,2
5,31,70,0,0,2,0
0,31,70,13,0,4,1
3,31,70,4,2,0,0
2,31,70,8,4,2,1
4,31,70,3,11,0,0
0,32,72,36,1,1,1
3,32,72,0,3,0,3
0,32,72,20,0,1,0
5,32,72,5,24,5,6
4,32,72,1,18,1,2
1,32,72,10,36,1,2
2,32,72,2,9,1,2
2,32,72,2,26,0,0
5,32,72,13,39,11,10
1,32,72,0,7,0,0
4,32,72,0,3,0,2
3,32,72,0,1,0,1
2,32,72,0,6,0,0
3,32,72,3,29,4,23
5,32,72,16,2,8,2
1,32,72,2,15,0,0
0,32,72,7,0,3,0
4,32,72,11,36,0,0
1,32,72,0,23,1,1
5,32,72,4,4,8,12
0,32,72,11,0,23,0
3,32,72,6,14,0,0
2,32,72,35,32,7,8
4,32,72,6,37,3,3
0,33,74,13,1,4,0
3,33,74,0,5,0,0
0,33,74,23,0,2,0
5,33,74,0,10,0,1
4,33,74,4,24,1,0
1,33,74,3,20,2,3
2,33,74,2,7,1,0
2,33,74,1,11,0,2
5,33,74,4,16,4,7
1,33,74,0,3,1,0
4,33,74,0,11,0,0
3,33,74,0,3,0,3
2,33,74,2,8,0,0
3,33,74,1,9,0,1
5,33,74,10,1,4,2
1,33,74,10,5,1,1
0,33,74,23,1,5,1
4,33,74,0,5,0,0
1,33,74,21,14,0,1
5,33,74,24,2,1,1
0,33,74,12,3,21,2
2,33,74,4,14,0,1
4,33,74,0,5,1,0
0,34,77,5,0,13,0
3,34,77,0,1,0,1
0,34,77,14,4,1,0
5,34,77,22,7,9,6
4,34,77,3,16,1,1
1,34,77,6,61,7,17
2,34,77,1,19,1,4
2,34,77,1,9,0,0
5,34,77,38,16,6,6
1,34,77,1,13,1,1
4,34,77,1,2,0,0
3,34,77,1,33,0,0
2,34,77,1,10,1,1
3,34,77,13,44,0,1
5,34,77,6,4,1,1
1,34,77,1,13,1,2
0,34,77,27,3,42,3
4,34,77,2,14,1,6
1,34,77,2,12,0,0
5,34,77,53,14,2,2
0,34,77,30,3,6,2
3,34,77,4,0,1,1
2,34,77,0,5,1,1
4,34,77,1,17,1,9
0,35,79,6,1,1,0
3,35,79,0,2,0,6
0,35,79,12,0,0,0
5,35,79,4,18,4,5
4,35,79,0,4,1,5
1,35,79,1,13,1,2
2,35,79,2,10,0,0
2,35,79,1,9,1,2
5,35,79,1,6,1,2
1,35,79,2,3,5,5
4,35,79,0,2,0,3
3,35,79,2,5,2,8
2,35,79,0,1,1,1
3,35,79,2,24,2,10
5,35,79,9,2,1,1
1,35,79,0,2,1,1
0,35,79,21,0,7,0
4,35,79,2,30,1,60
1,35,79,1,12,1,1
5,35,79,6,20,5,5
0,35,79,39,0,1,0
3,35,79,1,14,1,2
2,35,79,2,11,2,2
4,35,79,0,3,1,2
0,36,81,10,1,1,0
3,36,81,0,4,0,0
0,36,81,20,0,2,0
5,36,81,6,7,6,6
4,36,81,0,2,0,2
1,36,81,0,8,0,6
2,36,81,0,9,0,0
2,36,81,0,5,0,0
5,36,81,7,6,2,2
1,36,81,3,2,6,19
4,36,81,0,6,0,3
3,36,81,1,38,0,2
2,36,81,0,0,2,0
3,36,81,4,33,4,4
5,36,81,3,21,2,2
1,36,81,6,32,1,1
0,36,81,20,1,6,1
4,36,81,3,18,4,36
1,36,81,8,23,7,39
5,36,81,9,9,26,18
0,36,81,19,1,0,0
3,36,81,7,14,1,2
2,36,81,27,11,17,11
4,36,81,2,12,0,0
0,37,84,13,0,2,0
3,37,84,0,3,0,0
0,37,84,28,0,1,0
5,37,84,5,8,2,1
4,37,84,0,1,0,0
1,37,84,1,13,1,2
2,37,84,0,0,1,18
2,37,84,0,1,0,1
5,37,84,2,2,10,7
1,37,84,0,2,1,3
4,37,84,1,0,1,2
3,37,84,0,5,1,9
2,37,84,0,1,0,3
3,37,84,1,1,1,6
5,37,84,3,3,2,2
1,37,84,3,1,3,0
0,37,84,9,0,3,0
4,37,84,1,10,1,1
1,37,84,13,18,4,3
5,37,84,7,13,7,16
0,37,84,16,1,11,1
3,37,84,0,1,0,0
2,37,84,21,19,0,1
4,37,84,13,11,0,0
0,38,86,3,3,7,6
3,38,86,0,2,0,3
0,38,86,10,14,10,13
5,38,86,17,41,3,2
4,38,86,0,15,0,4
1,38,86,0,6,0,0
2,38,86,0,5,1,8
2,38,86,0,4,0,9
5,38,86,0,10,0,2
1,38,86,0,0,1,1
4,38,86,0,1,0,5
3,38,86,0,19,0,3
2,38,86,1,4,0,2
3,38,86,2,25,0,0
5,38,86,0,0,1,13
1,38,86,0,15,0,4
0,38,86,36,13,7,7
4,38,86,2,20,1,5
1,38,86,0,12,1,2
5,38,86,15,14,24,16
0,38,86,7,7,16,6
3,38,86,1,4,1,4
2,38,86,4,13,4,4
4,38,86,12,31,1,0
0,39,88,7,3,3,4
3,39,88,0,6,1,3
0,39,88,13,6,1,0
5,39,88,15,23,2,2
4,39,88,5,25,0,0
1,39,88,0,18,1,1
2,39,88,0,3,0,0
2,39,88,0,4,0,0
5,39,88,6,2,4,2
1,39,88,0,2,0,2
4,39,88,0,3,0,0
3,39,88,0,3,0,3
2,39,88,3,4,0,0
3,39,88,10,21,0,1
5,39,88,3,3,2,1
1,39,88,0,0,1,2
0,39,88,58,12,0,0
4,39,88,2,22,1,1
1,39,88,18,6,1,0
5,39,88,7,14,4,5
0,39,88,49,10,12,9
3,39,88,3,27,3,12
2,39,88,13,14,1,2
4,39,88,1,18,1,0
0,40,91,0,3,0,2
3,40,91,0,1,0,1
0,40,91,13,8,0,0
5,40,91,5,14,1,2
4,40,91,4,17,2,1
1,40,91,2,20,0,0
2,40,91,0,4,0,5
2,40,91,0,0,3,0
5,40,91,1,1,0,1
1,40,91,0,0,3,9
4,40,91,2,2,0,0
3,40,91,0,10,1,2
2,40,91,0,2,0,0
3,40,91,7,39,3,3
5,40,91,4,4,4,4
1,40,91,3,9,0,0
0,40,91,2,2,22,2
4,40,91,1,24,0,2
1,40,91,5,18,1,2
5,40,91,10,25,2,2
0,40,91,9,23,0,1
3,40,91,0,4,0,1
2,40,91,10,29,3,4
4,40,91,0,16,0,1
0,41,93,14,3,0,0
3,41,93,0,1,0,0
0,41,93,24,12,0,0
5,41,93,5,16,2,2
4,41,93,0,15,0,3
1,41,93,0,10,0,1
2,41,93,0,10,1,2
2,41,93,0,1,0,0
5,41,93,1,10,0,10
1,41,93,0,2,0,2
4,41,93,0,0,0,5
3,41,93,1,0,0,5
2,41,93,5,5,3,2
3,41,93,2,7,1,0
5,41,93,22,4,2,3
1,41,93,0,4,0,1
0,41,93,10,9,0,0
4,41,93,0,0,1,3
1,41,93,0,5,1,0
5,41,93,5,3,7,3
0,41,93,22,0,1,0
3,41,93,1,5,0,0
2,41,93,8,16,5,5
4,41,93,2,41,2,6
0,42,95,6,2,1,1
3,42,95,1,0,0,0
0,42,95,11,0,0,0
5,42,95,9,16,1,0
4,42,95,1,20,1,0
1,42,95,0,8,0,0
2,42,95,0,7,0,3
2,42,95,0,4,0,0
5,42,95,0,4,0,4
1,42,95,0,3,0,0
4,42,95,0,1,0,0
3,42,95,1,3,1,1
2,42,95,0,8,0,3
3,42,95,2,14,1,0
5,42,95,14,2,1,2
1,42,95,5,26,1,2
0,42,95,31,1,5,2
4,42,95,2,16,1,2
1,42,95,1,0,0,0
5,42,95,1,5,1,1
0,42,95,16,22,17,16
3,42,95,2,9,0,0
2,42,95,2,18,2,4
4,42,95,6,29,3,2
0,43,98,4,0,0,0
3,43,98,0,0,1,0
0,43,98,2,0,0,0
5,43,98,1,0,0,1
4,43,98,1,0,0,0
1,43,98,2,1,0,0
2,43,98,1,1,0,0
5,43,98,4,2,1,0
1,43,98,2,0,3,0
3,43,98,0,0,1,0
2,43,98,0,1,0,0
3,43,98,1,10,0,0
5,43,98,2,0,5,0
1,43,98,0,2,0,0
0,43,98,3,0,0,0
4,43,98,3,2,0,0
1,43,98,4,0,0,0
5,43,98,0,0,1,0
0,43,98,4,0,0,0
3,43,98,1,1,1,0
2,43,98,1,0,0,0
4,43,98,1,4,0,1
0,44,100,2,0,3,0
3,44,100,0,0,1,4
0,44,100,0,0,0,1
5,44,100,0,0,1,0
4,44,100,0,0,1,0
1,44,100,0,5,0,6
2,44,100,3,1,0,0
2,44,100,1,0,1,0
5,44,100,5,1,0,0
1,44,100,0,1,0,0
4,44,100,0,5,0,1
3,44,100,0,2,0,0
2,44,100,0,1,0,2
3,44,100,0,3,1,1
5,44,100,2,0,1,1
1,44,100,1,0,0,2
0,44,100,1,0,0,0
4,44,100,9,4,0,0
1,44,100,1,1,0,0
5,44,100,1,0,0,0
0,44,100,2,0,2,0
3,44,100,2,1,0,0
2,44,100,6,3,1,2
4,44,100,4,7,1,0
0,45,102,12,0,0,0
3,45,102,0,0,0,1
0,45,102,0,8,0,0
5,45,102,0,1,0,0
4,45,102,1,19,1,1
1,45,102,0,3,0,2
2,45,102,0,8,0,11
2,45,102,0,3,0,1
5,45,102,0,23,1,0
1,45,102,0,1,0,0
4,45,102,0,1,0,0
3,45,102,0,9,0,1
2,45,102,1,4,0,0
3,45,102,0,1,0,0
5,45,102,6,0,4,1
1,45,102,1,9,1,3
0,45,102,6,1,2,1
4,45,102,0,16,1,0
1,45,102,6,23,0,0
5,45,102,7,3,0,0
0,45,102,6,0,0,0
3,45,102,2,0,1,0
2,45,102,5,19,1,1
4,45,102,0,20,1,1
0,46,105,0,0,3,0
0,46,105,1,1,1,0
5,46,105,1,10,1,2
4,46,105,0,1,0,0
1,46,105,0,1,0,0
2,46,105,0,1,0,0
2,46,105,0,1,0,0
5,46,105,0,6,0,3
1,46,105,0,2,0,0
4,46,105,0,0,1,0
3,46,105,2,2,0,0
2,46,105,1,2,0,0
3,46,105,11,17,0,1
5,46,105,4,3,0,0
1,46,105,0,4,0,0
0,46,105,2,6,1,1
4,46,105,0,21,0,0
1,46,105,3,2,0,1
5,46,105,3,24,2,1
0,46,105,10,4,0,0
3,46,105,2,9,0,0
2,46,105,0,4,0,0
4,46,105,6,16,0,0
0,47,107,25,1,5,1
3,47,107,0,1,0,0
0,47,107,1,2,0,1
5,47,107,0,0,0,3
4,47,107,0,12,0,5
1,47,107,0,5,0,1
2,47,107,0,6,0,0
2,47,107,0,3,0,0
5,47,107,2,3,0,1
1,47,107,1,2,0,0
4,47,107,0,4,0,1
3,47,107,0,12,1,0
2,47,107,7,15,0,0
3,47,107,8,5,1,2
5,47,107,35,3,2,2
1,47,107,1,11,1,1
0,47,107,7,6,0,0
4,47,107,3,15,3,11
1,47,107,9,3,3,2
5,47,107,5,4,5,9
0,47,107,35,11,0,0
3,47,107,1,16,0,0
2,47,107,2,28,1,7
4,47,107,4,2,0,0
0,48,109,1,1,0,1
3,48,109,0,0,1,0
0,48,109,5,1,1,1
5,48,109,1,1,0,0
4,48,109,0,4,0,1
1,48,109,0,0,10,0
2,48,109,0,2,0,1
5,48,109,4,2,0,0
1,48,109,0,0,0,1
4,48,109,0,2,0,0
3,48,109,1,1,0,7
2,48,109,0,1,1,1
3,48,109,9,23,1,1
5,48,109,5,0,1,1
1,48,109,2,0,1,0
0,48,109,2,2,4,6
4,48,109,4,9,2,2
1,48,109,9,5,0,0
5,48,109,7,1,6,1
0,48,109,13,0,2,0
3,48,109,5,1,1,1
2,48,109,8,4,0,1
4,48,109,3,0,0,0
0,49,112,6,1,1,1
3,49,112,0,1,0,0
0,49,112,9,4,0,0
5,49,112,0,0,6,2
4,49,112,0,2,0,0
1,49,112,0,1,1,0
2,49,112,0,0,3,0
5,49,112,0,8,0,0
4,49,112,0,1,0,0
3,49,112,3,2,1,1
2,49,112,2,4,1,3
3,49,112,0,0,6,0
5,49,112,6,0,1,1
1,49,112,2,1,0,0
0,49,112,4,0,0,0
4,49,112,0,3,0,0
1,49,112,1,9,1,1
5,49,112,4,4,15,5
0,49,112,2,6,1,0
3,49,112,2,1,1,1
2,49,112,32,22,6,6
4,49,112,1,5,0,0
0,50,114,15,2,1,2
3,50,114,0,1,0,1
0,50,114,16,1,1,1
5,50,114,22,5,6,4
4,50,114,3,9,1,1
1,50,114,0,3,0,0
2,50,114,0,2,0,0
2,50,114,1,0,7,0
1,50,114,0,2,0,2
4,50,114,0,1,0,4
3,50,114,1,1,0,0
2,50,114,1,1,0,0
3,50,114,11,31,4,4
5,50,114,1,0,4,1
1,50,114,3,2,1,0
0,50,114,7,0,4,0
4,50,114,10,4,0,0
1,50,114,1,5,1,1
5,50,114,4,4,19,23
0,50,114,15,0,15,0
3,50,114,5,3,1,0
2,50,114,10,1,2,2
4,50,114,33,1,4,1
0,51,116,1,5,1,3
3,51,116,0,1,0,1
0,51,116,17,1,4,0
5,51,116,15,4,10,4
4,51,116,11,43,4,4
1,51,116,3,6,1,1
2,51,116,0,4,0,0
2,51,116,0,1,0,2
5,51,116,1,0,3,4
4,51,116,0,5,0,3
3,51,116,0,0,0,1
2,51,116,21,6,2,1
3,51,116,6,26,5,4
5,51,116,6,0,3,0
1,51,116,1,0,0,0
0,51,116,17,2,5,2
4,51,116,5,8,5,6
1,51,116,22,11,1,1
5,51,116,7,8,11,20
0,51,116,16,3,23,2
3,51,116,5,4,14,4
2,51,116,10,13,9,26
4,51,116,0,13,0,0
0,52,119,2,1,3,1
3,52,119,0,4,0,3
0,52,119,10,0,9,0
5,52,119,2,12,1,7
4,52,119,0,0,0,1
1,52,119,2,1,0,0
2,52,119,0,2,0,1
5,52,119,0,0,4,0
1,52,119,0,0,6,1
3,52,119,1,1,0,0
2,52,119,1,0,3,0
3,52,119,20,12,2,1
5,52,119,2,2,2,3
1,52,119,1,0,4,0
0,52,119,3,0,4,0
4,52,119,2,2,0,0
1,52,119,3,0,0,0
5,52,119,12,1,3,2
0,52,119,1,0,2,0
3,52,119,0,2,1,0
2,52,119,26,10,6,6
4,52,119,8,2,2,3
0,53,121,13,0,0,0
3,53,121,0,3,0,0
0,53,121,18,0,7,0
5,53,121,12,8,1,1
4,53,121,11,25,2,2
1,53,121,1,5,1,1
2,53,121,5,3,0,0
2,53,121,2,0,0,0
5,53,121,1,2,1,1
1,53,121,0,0,1,0
4,53,121,1,0,0,3
3,53,121,0,1,0,1
2,53,121,1,1,3,2
3,53,121,1,0,7,0
5,53,121,94,17,6,6
1,53,121,9,1,0,0
0,53,121,3,0,8,0
4,53,121,0,4,0,0
1,53,121,7,3,0,0
5,53,121,7,2,22,3
0,53,121,18,0,1,0
3,53,121,3,4,6,10
2,53,121,19,20,30,22
4,53,121,2,44,3,2
0,54,123,2,0,0,0
3,54,123,3,0,1,0
0,54,123,8,0,2,0
5,54,123,21,0,1,0
4,54,123,18,0,2,0
1,54,123,7,0,1,0
2,54,123,15,0,0,0
2,54,123,5,0,0,0
5,54,123,4,0,2,0
1,54,123,1,0,0,0
4,54,123,1,0,0,0
3,54,123,5,0,5,0
2,54,123,8,0,2,0
3,54,123,18,0,9,0
5,54,123,6,0,4,0
1,54,123,1,0,0,0
0,54,123,11,0,1,0
4,54,123,16,0,0,0
1,54,123,0,0,3,0
5,54,123,19,0,9,0
0,54,123,23,0,10,0
3,54,123,15,0,1,0
2,54,123,25,0,6,0
4,54,123,23,0,3,0
4,55,126,2,4,0,0
1,55,126,2,2,0,0
2,55,126,2,3,0,0
2,55,126,0,1,0,0
5,55,126,6,2,15,2
1,55,126,0,1,0,1
3,55,126,0,0,0,1
2,55,126,1,3,0,0
3,55,126,0,6,0,1
5,55,126,0,0,10,2
0,55,126,5,0,0,0
4,55,126,1,2,1,1
1,55,126,2,1,2,0
5,55,126,1,1,1,2
0,55,126,3,0,3,0
3,55,126,0,1,6,1
2,55,126,8,5,0,0
4,55,126,5,0,0,1
0,56,128,1,2,6,4
3,56,128,0,0,2,0
0,56,128,2,0,0,0
5,56,128,3,4,1,1
4,56,128,2,6,1,2
1,56,128,2,1,1,1
2,56,128,0,3,1,0
2,56,128,0,10,0,0
5,56,128,4,1,4,0
1,56,128,6,1,1,0
4,56,128,0,2,0,3
3,56,128,0,1,0,2
2,56,128,1,1,5,1
3,56,128,5,1,2,2
5,56,128,1,0,1,2
1,56,128,2,1,4,0
0,56,128,1,0,2,0
4,56,128,7,23,1,2
1,56,128,5,7,0,1
5,56,128,18,5,1,1
0,56,128,5,0,0,1
3,56,128,1,3,0,0
2,56,128,8,5,6,5
4,56,128,5,23,2,2
0,57,130,5,11,2,3
3,57,130,0,0,0,1
0,57,130,14,5,1,2
4,57,130,2,39,3,3
1,57,130,0,5,0,3
2,57,130,3,10,2,7
2,57,130,2,18,1,1
5,57,130,0,4,0,3
1,57,130,1,3,0,0
4,57,130,1,5,0,0
3,57,130,0,0,0,1
2,57,130,9,8,1,1
3,57,130,8,13,7,8
5,57,130,0,0,2,0
1,57,130,1,2,1,5
0,57,130,21,7,6,7
4,57,130,4,15,0,0
1,57,130,27,10,1,2
5,57,130,5,11,4,4
0,57,130,19,2,9,3
3,57,130,0,0,2,1
2,57,130,21,1,2,1
4,57,130,2,33,2,2
0,58,133,1,2,0,0
0,58,133,1,0,0,1
4,58,133,2,4,0,0
1,58,133,6,0,1,0
2,58,133,0,5,0,1
2,58,133,1,3,1,1
5,58,133,2,1,1,0
1,58,133,0,2,0,0
4,58,133,2,0,0,0
3,58,133,4,9,1,0
2,58,133,9,1,1,0
3,58,133,3,0,0,0
5,58,133,0,0,1,0
1,58,133,0,0,3,0
0,58,133,5,3,0,0
4,58,133,4,2,1,0
1,58,133,1,0,0,0
5,58,133,28,0,3,0
0,58,133,10,0,3,0
3,58,133,4,0,0,0
2,58,133,1,1,5,0
4,58,133,5,2,1,1
0,59,135,7,0,1,0
3,59,135,0,0,0,5
0,59,135,7,1,0,0
5,59,135,0,0,0,1
4,59,135,3,1,0,0
1,59,135,1,1,0,0
2,59,135,3,2,1,0
2,59,135,0,1,0,0
5,59,135,1,0,0,0
1,59,135,0,0,2,0
4,59,135,0,1,0,0
3,59,135,1,2,0,0
2,59,135,4,0,0,0
3,59,135,2,3,1,1
5,59,135,4,0,0,0
1,59,135,1,0,12,0
0,59,135,0,0,5,0
4,59,135,3,4,2,9
1,59,135,8,1,2,0
5,59,135,5,0,0,0
0,59,135,35,1,1,0
3,59,135,1,2,0,0
2,59,135,2,2,8,2
4,59,135,0,0,1,0
0,60,137,2,1,0,0
3,60,137,1,2,1,0
0,60,137,15,4,1,1
5,60,137,0,2,0,0
4,60,137,0,1,0,1
1,60,137,0,2,0,0
2,60,137,1,0,7,0
1,60,137,1,0,1,0
4,60,137,0,1,0,3
3,60,137,0,1,0,5
2,60,137,0,0,1,0
3,60,137,1,6,0,0
5,60,137,2,1,0,0
0,60,137,1,1,13,1
4,60,137,7,2,9,1
1,60,137,1,1,2,1
5,60,137,2,1,1,0
0,60,137,10,0,0,1
3,60,137,4,0,1,1
2,60,137,9,0,3,1
4,60,137,8,5,1,1
0,61,140,0,1,0,0
3,61,140,1,2,0,2
0,61,140,49,1,7,1
5,61,140,6,2,1,1
4,61,140,11,30,1,2
1,61,140,0,0,1,1
2,61,140,0,9,1,0
2,61,140,2,1,2,1
5,61,140,3,1,1,1
1,61,140,0,0,1,0
4,61,140,2,4,1,3
3,61,140,1,9,0,3
2,61,140,1,0,0,0
3,61,140,0,0,0,1
5,61,140,10,2,1,1
1,61,140,4,0,0,0
0,61,140,7,0,2,0
4,61,140,4,1,0,1
1,61,140,4,0,13,1
5,61,140,7,3,13,3
0,61,140,11,2,19,1
3,61,140,3,1,2,0
2,61,140,20,0,9,0
4,61,140,0,0,20,0
0,62,142,3,0,0,0
3,62,142,2,1,0,1
0,62,142,3,1,0,0
5,62,142,3,1,4,1
4,62,142,2,5,2,1
1,62,142,4,1,0,0
2,62,142,0,0,0,1
2,62,142,1,0,0,0
5,62,142,2,1,0,0
1,62,142,3,0,0,0
3,62,142,4,0,3,1
2,62,142,2,2,0,0
3,62,142,4,3,4,3
5,62,142,0,0,0,3
1,62,142,6,3,0,0
0,62,142,4,0,0,0
4,62,142,5,7,0,0
1,62,142,1,1,17,8
5,62,142,0,0,9,0
0,62,142,4,1,4,1
3,62,142,0,0,1,1
2,62,142,2,0,3,0
4,62,142,20,9,1,1
0,63,144,18,1,5,1
3,63,144,4,2,1,2
0,63,144,5,0,4,0
5,63,144,2,7,0,0
4,63,144,30,6,0,1
1,63,144,8,3,5,3
2,63,144,1,1,0,2
2,63,144,0,1,0,0
5,63,144,0,1,4,1
1,63,144,3,5,3,3
4,63,144,0,2,1,5
3,63,144,2,1,1,4
2,63,144,2,1,6,0
3,63,144,11,2,1,2
5,63,144,3,0,0,0
1,63,144,1,0,1,0
0,63,144,10,0,1,0
4,63,144,2,2,11,5
1,63,144,3,1,5,0
5,63,144,0,0,5,1
0,63,144,6,0,12,0
3,63,144,0,0,0,2
2,63,144,4,0,6,0
4,63,144,0,0,1,0
0,64,147,1,0,0,0
3,64,147,2,1,0,0
0,64,147,2,0,1,0
5,64,147,0,0,1,10
4,64,147,6,2,2,1
1,64,147,9,1,0,0
2,64,147,1,0,0,1
2,64,147,0,1,0,0
1,64,147,2,1,0,0
3,64,147,0,0,1,0
2,64,147,1,0,0,0
3,64,147,4,1,0,0
5,64,147,0,0,1,0
1,64,147,0,0,1,0
0,64,147,0,0,3,0
4,64,147,11,1,0,0
1,64,147,4,0,0,0
5,64,147,8,1,1,1
0,64,147,4,1,0,1
3,64,147,0,0,2,0
2,64,147,3,0,0,0
4,64,147,0,0,3,0
0,65,149,2,0,0,0
3,65,149,2,5,1,2
0,65,149,5,0,1,0
5,65,149,2,8,1,0
4,65,149,1,1,6,1
1,65,149,2,7,2,1
2,65,149,8,18,1,2
2,65,149,0,0,0,3
5,65,149,0,1,0,0
1,65,149,0,0,0,2
4,65,149,0,2,1,3
3,65,149,2,6,0,0
2,65,149,2,3,5,5
5,65,149,5,0,3,1
1,65,149,3,1,2,1
0,65,149,6,0,11,0
4,65,149,0,4,0,2
1,65,149,2,0,0,0
5,65,149,3,4,4,3
0,65,149,28,9,0,0
3,65,149,2,4,2,7
2,65,149,12,2,0,0
4,65,149,5,2,0,1
0,66,151,3,1,0,0
3,66,151,2,11,0,0
0,66,151,0,2,0,0
5,66,151,2,2,0,1
4,66,151,4,2,0,0
1,66,151,5,2,0,0
2,66,151,5,10,0,0
2,66,151,2,17,1,2
5,66,151,5,1,1,2
1,66,151,1,6,0,1
4,66,151,0,0,0,1
3,66,151,0,4,0,0
2,66,151,3,8,2,3
3,66,151,4,0,2,0
5,66,151,4,1,0,0
1,66,151,9,11,0,1
0,66,151,7,1,0,0
4,66,151,2,5,0,0
1,66,151,0,2,1,1
5,66,151,15,1,4,0
0,66,151,14,4,4,3
3,66,151,1,0,0,1
2,66,151,14,3,3,4
4,66,151,10,4,2,1
0,67,154,9,0,1,1
3,67,154,10,11,0,0
0,67,154,8,6,1,2
5,67,154,1,9,0,7
4,67,154,4,33,2,2
1,67,154,2,12,1,4
2,67,154,3,9,2,1
2,67,154,3,8,2,2
5,67,154,4,2,0,0
1,67,154,2,2,2,1
4,67,154,0,4,0,0
3,67,154,0,1,0,0
2,67,154,1,2,1,1
3,67,154,3,30,2,18
5,67,154,7,1,5,1
1,67,154,13,3,2,2
0,67,154,18,2,2,3
4,67,154,3,21,3,4
1,67,154,2,3,1,1
5,67,154,10,0,1,0
0,67,154,2,0,0,0
3,67,154,2,17,2,4
2,67,154,29,30,0,1
4,67,154,1,11,1,1
0,68,156,8,6,1,1
3,68,156,1,6,0,3
0,68,156,6,34,2,2
5,68,156,14,10,2,1
4,68,156,0,19,1,2
1,68,156,7,7,0,0
2,68,156,0,11,1,1
2,68,156,0,20,0,0
5,68,156,4,56,0,1
1,68,156,0,12,0,10
4,68,156,0,9,0,1
3,68,156,0,5,0,0
2,68,156,1,7,0,10
3,68,156,5,4,4,4
5,68,156,4,0,0,0
1,68,156,8,7,4,5
0,68,156,34,2,5,2
4,68,156,29,39,4,3
1,68,156,0,11,1,1
5,68,156,4,0,0,0
0,68,156,0,27,0,1
3,68,156,0,12,0,2
2,68,156,2,19,1,4
4,68,156,12,6,0,1
0,69,158,1,30,2,7
3,69,158,2,2,1,4
0,69,158,15,14,15,14
5,69,158,15,17,2,2
4,69,158,19,26,0,0
1,69,158,13,7,0,1
2,69,158,1,8,0,0
2,69,158,1,8,1,1
5,69,158,16,2,0,1
1,69,158,1,20,0,0
4,69,158,0,4,0,0
3,69,158,4,7,1,0
2,69,158,13,1,0,0
3,69,158,1,34,1,1
5,69,158,3,23,3,6
1,69,158,6,24,2,2
0,69,158,14,7,1,0
4,69,158,13,35,2,2
1,69,158,17,19,1,2
5,69,158,20,4,18,4
0,69,158,11,12,1,2
3,69,158,1,6,0,0
2,69,158,3,8,2,3
4,69,158,7,5,0,0
0,70,161,5,0,0,1
3,70,161,3,11,0,1
0,70,161,24,5,10,6
5,70,161,8,2,5,1
4,70,161,21,39,2,3
1,70,161,2,16,1,0
2,70,161,4,23,1,1
2,70,161,0,27,1,2
5,70,161,9,12,7,7
1,70,161,42,25,4,3
4,70,161,5,23,0,0
3,70,161,0,10,1,4
2,70,161,6,10,2,2
3,70,161,5,11,0,1
5,70,161,5,0,3,1
1,70,161,4,22,4,5
0,70,161,3,9,3,8
4,70,161,3,10,0,0
1,70,161,15,13,3,3
5,70,161,60,0,19,1
0,70,161,41,11,2,3
3,70,161,4,3,2,2
2,70,161,1,21,0,2
4,70,161,0,9,0,0
0,71,163,29,6,2,2
3,71,163,0,4,1,1
0,71,163,15,5,3,3
5,71,163,8,4,2,1
4,71,163,9,2,3,2
1,71,163,7,10,4,3
2,71,163,4,19,2,1
2,71,163,2,11,1,1
5,71,163,9,5,8,4
1,71,163,18,1,5,2
4,71,163,4,34,2,2
3,71,163,3,25,0,0
2,71,163,2,0,3,1
3,71,163,5,6,0,0
5,71,163,27,3,5,2
1,71,163,9,1,3,1
0,71,163,6,3,10,4
4,71,163,2,16,2,5
1,71,163,10,9,27,12
5,71,163,12,0,11,1
0,71,163,23,6,0,0
3,71,163,11,2,1,1
2,71,163,11,4,2,3
4,71,163,3,2,3,1
0,72,165,18,5,28,5
3,72,165,8,3,18,4
0,72,165,29,2,6,2
5,72,165,16,4,11,3
4,72,165,29,7,2,2
1,72,165,9,1,8,1
2,72,165,15,7,16,6
2,72,165,21,8,8,9
5,72,165,7,1,24,1
1,72,165,36,7,8,6
4,72,165,27,25,14,15
3,72,165,8,5,10,5
2,72,165,2,1,20,1
3,72,165,8,5,10,6
5,72,165,2,0,14,0
1,72,165,7,5,14,5
0,72,165,4,0,21,0
4,72,165,15,6,34,7
1,72,165,26,13,26,14
5,72,165,13,4,67,4
0,72,165,32,1,68,2
3,72,165,34,4,22,3
2,72,165,30,6,70,5
4,72,165,9,1,31,2
0,73,168,17,3,9,3
3,73,168,4,8,4,6
0,73,168,6,1,1,0
5,73,168,1,1,2,2
4,73,168,1,2,0,0
1,73,168,6,0,1,0
2,73,168,4,0,5,0
2,73,168,4,5,4,3
5,73,168,8,0,11,1
1,73,168,1,8,0,0
4,73,168,5,8,2,2
3,73,168,1,7,1,3
2,73,168,3,1,16,1
3,73,168,6,6,2,1
5,73,168,4,2,1,1
1,73,168,12,2,1,1
0,73,168,12,0,5,0
4,73,168,4,7,4,5
1,73,168,15,3,17,2
5,73,168,19,1,8,1
0,73,168,19,1,37,2
3,73,168,14,5,1,2
2,73,168,48,12,5,5
4,73,168,1,1,12,8
0,74,170,17,11,1,2
3,74,170,3,17,3,14
0,74,170,30,6,3,2
5,74,170,18,27,7,8
4,74,170,8,18,1,0
1,74,170,8,24,5,4
2,74,170,10,13,11,13
2,74,170,3,15,3,10
5,74,170,15,7,18,7
1,74,170,13,3,1,1
4,74,170,0,9,0,15
3,74,170,12,15,3,4
2,74,170,15,24,6,7
3,74,170,1,42,1,1
5,74,170,5,4,5,3
1,74,170,1,17,2,1
0,74,170,13,2,9,2
4,74,170,13,46,0,0
1,74,170,5,17,4,5
5,74,170,11,3,72,3
0,74,170,8,8,55,12
3,74,170,7,11,8,35
2,74,170,17,11,3,4
4,74,170,9,24,0,0
0,75,172,23,0,1,0
3,75,172,2,11,0,0
0,75,172,26,4,0,0
5,75,172,17,3,16,3
4,75,172,20,15,2,1
1,75,172,12,4,0,0
2,75,172,13,12,2,2
2,75,172,9,7,2,1
5,75,172,6,1,7,0
1,75,172,7,10,1,0
4,75,172,4,18,0,0
3,75,172,3,3,4,3
2,75,172,10,0,3,0
3,75,172,7,1,0,0
5,75,172,7,1,1,1
1,75,172,7,0,0,0
0,75,172,5,1,1,0
4,75,172,4,3,0,1
1,75,172,22,1,1,1
5,75,172,39,0,18,1
0,75,172,10,1,12,1
3,75,172,7,5,1,1
2,75,172,3,4,7,4
4,75,172,2,2,0,0
0,76,175,23,0,15,0
3,76,175,15,3,0,1
0,76,175,10,3,1,1
5,76,175,35,1,10,1
4,76,175,8,38,6,6
1,76,175,33,3,2,1
2,76,175,15,11,1,0
2,76,175,4,21,3,3
5,76,175,12,2,1,0
1,76,175,9,2,7,1
4,76,175,4,23,3,13
3,76,175,12,8,2,2
2,76,175,3,2,1,0
3,76,175,53,17,4,4
5,76,175,11,1,2,1
1,76,175,3,3,2,1
0,76,175,1,0,13,0
4,76,175,4,3,1,1
1,76,175,32,11,7,8
5,76,175,43,7,3,2
0,76,175,40,5,18,4
3,76,175,7,1,8,1
2,76,175,20,24,2,1
4,76,175,1,12,0,0
0,77,177,19,1,0,1
3,77,177,9,13,3,4
0,77,177,20,6,1,2
5,77,177,24,12,4,5
4,77,177,22,6,1,0
1,77,177,20,14,3,3
2,77,177,25,12,4,4
2,77,177,10,5,0,0
5,77,177,31,1,2,1
1,77,177,13,1,1,1
4,77,177,1,4,1,15
3,77,177,3,18,2,3
2,77,177,9,7,7,7
3,77,177,10,17,10,12
5,77,177,21,10,2,2
1,77,177,6,3,8,4
0,77,177,3,3,10,4
4,77,177,13,13,0,0
1,77,177,6,0,1,0
5,77,177,22,0,13,0
0,77,177,29,1,3,0
3,77,177,10,19,3,4
2,77,177,37,9,16,9
4,77,177,5,28,5,6
0,78,179,16,2,11,2
3,78,179,7,18,0,0
0,78,179,23,4,0,0
5,78,179,10,1,12,0
4,78,179,3,37,1,0
1,78,179,14,2,0,0
2,78,179,19,3,0,0
2,78,179,21,0,28,0
5,78,179,6,1,0,0
1,78,179,7,6,6,5
4,78,179,4,15,0,0
3,78,179,2,3,2,4
2,78,179,7,15,8,21
3,78,179,16,17,11,10
5,78,179,26,1,4,1
1,78,179,26,3,1,1
0,78,179,42,6,2,1
4,78,179,0,0,1,9
1,78,179,16,1,0,0
5,78,179,25,1,7,0
0,78,179,11,4,32,4
3,78,179,3,4,0,0
2,78,179,22,0,12,0
4,78,179,20,0,13,0
0,79,182,28,1,14,1
3,79,182,10,26,11,18
0,79,182,35,2,1,1
5,79,182,14,3,5,3
4,79,182,9,5,1,1
1,79,182,13,5,1,1
2,79,182,22,4,3,4
2,79,182,11,4,1,1
5,79,182,18,0,0,0
1,79,182,8,2,1,2
4,79,182,5,9,5,5
3,79,182,1,6,0,0
2,79,182,20,1,3,0
3,79,182,6,7,0,0
5,79,182,3,1,5,1
1,79,182,23,2,9,1
0,79,182,38,0,2,0
4,79,182,7,0,0,1
1,79,182,10,0,0,1
5,79,182,19,0,2,0
0,79,182,27,0,6,0
3,79,182,13,8,0,0
2,79,182,20,5,0,0
4,79,182,9,5,1,1
0,80,184,22,0,0,1
3,80,184,4,2,4,1
0,80,184,38,1,13,1
5,80,184,28,0,15,0
4,80,184,2,5,2,3
1,80,184,18,1,2,1
2,80,184,17,4,2,2
2,80,184,7,7,2,2
5,80,184,22,5,6,4
1,80,184,33,5,7,5
4,80,184,3,4,0,0
3,80,184,6,6,7,5
2,80,184,11,1,3,2
3,80,184,1,8,0,2
5,80,184,17,3,9,4
1,80,184,7,6,54,6
0,80,184,15,3,2,1
4,80,184,4,5,0,0
1,80,184,15,2,2,3
5,80,184,16,2,32,2
0,80,184,54,0,10,0
3,80,184,6,9,0,0
2,80,184,19,2,3,2
4,80,184,17,4,0,1
0,81,186,43,0,2,1
3,81,186,5,4,1,1
0,81,186,19,1,0,0
5,81,186,20,5,2,2
4,81,186,9,1,1,1
1,81,186,3,1,0,0
2,81,186,8,9,0,0
2,81,186,3,5,1,0
5,81,186,39,5,3,4
1,81,186,6,3,0,0
4,81,186,13,15,1,0
3,81,186,1,2,0,0
2,81,186,9,2,0,0
3,81,186,2,3,0,1
5,81,186,16,3,16,2
1,81,186,12,3,1,2
0,81,186,12,0,7,1
4,81,186,7,4,0,0
1,81,186,12,4,0,0
5,81,186,5,2,1,1
0,81,186,15,0,4,1
3,81,186,2,3,0,0
2,81,186,7,2,0,0
4,81,186,6,2,0,0
0,82,189,1,0,1,0
3,82,189,4,8,0,0
0,82,189,5,0,1,0
5,82,189,4,0,0,0
4,82,189,21,12,3,2
1,82,189,2,0,0,0
2,82,189,5,2,4,2
2,82,189,7,4,1,2
5,82,189,9,8,1,1
1,82,189,19,4,0,0
4,82,189,2,0,0,0
3,82,189,3,3,0,1
2,82,189,8,1,3,2
3,82,189,5,3,0,1
5,82,189,7,1,3,1
1,82,189,7,1,10,0
0,82,189,6,0,2,0
4,82,189,16,1,1,1
1,82,189,10,2,1,1
5,82,189,18,3,1,1
0,82,189,19,0,6,0
3,82,189,6,0,0,0
2,82,189,15,0,5,1
4,82,189,13,2,0,0
0,83,191,16,4,7,4
3,83,191,4,13,0,0
0,83,191,15,2,4,3
5,83,191,20,0,8,0
4,83,191,2,2,9,4
1,83,191,12,2,9,2
2,83,191,2,2,2,2
2,83,191,7,2,7,2
5,83,191,9,5,10,5
1,83,191,1,10,0,3
4,83,191,5,25,5,5
3,83,191,5,3,0,0
2,83,191,4,3,0,0
3,83,191,8,1,4,2
5,83,191,28,5,6,5
1,83,191,10,0,2,0
0,83,191,30,1,11,2
4,83,191,6,8,4,4
1,83,191,9,0,1,1
5,83,191,20,1,14,2
0,83,191,14,8,1,0
3,83,191,11,1,1,1
2,83,191,2,2,4,2
4,83,191,12,7,1,1
0,84,193,45,1,17,1
3,84,193,9,8,0,1
0,84,193,32,0,0,0
5,84,193,31,3,11,2
4,84,193,8,31,3,4
1,84,193,9,1,4,0
2,84,193,19,8,4,5
2,84,193,19,3,0,0
5,84,193,11,3,4,3
1,84,193,22,1,3,0
4,84,193,11,9,0,1
3,84,193,21,24,2,3
2,84,193,13,1,0,1
3,84,193,13,25,3,2
5,84,193,21,4,12,3
1,84,193,12,9,0,0
0,84,193,15,0,1,0
4,84,193,34,4,12,4
1,84,193,39,8,3,4
5,84,193,24,14,78,14
0,84,193,37,3,0,0
3,84,193,19,3,0,0
2,84,193,37,11,6,7
4,84,193,8,1,7,1
0,85,196,34,0,3,0
3,85,196,15,20,0,0
0,85,196,14,5,1,0
5,85,196,15,2,2,1
4,85,196,9,8,0,0
1,85,196,8,3,0,0
2,85,196,0,1,6,2
2,85,196,2,1,4,1
5,85,196,2,0,1,0
1,85,196,11,2,2,2
4,85,196,7,6,0,1
3,85,196,1,0,0,0
2,85,196,4,0,4,0
3,85,196,9,9,1,0
5,85,196,9,0,0,0
1,85,196,16,0,1,0
0,85,196,18,1,0,0
4,85,196,7,13,0,1
1,85,196,18,3,8,3
5,85,196,14,4,16,4
0,85,196,20,4,11,4
3,85,196,7,1,0,0
2,85,196,11,2,0,0
4,85,196,10,0,0,0
0,86,198,20,4,1,0
3,86,198,9,15,2,2
0,86,198,30,9,1,0
5,86,198,15,9,10,9
4,86,198,2,18,3,2
1,86,198,9,10,2,2
2,86,198,11,11,3,2
2,86,198,1,8,1,2
5,86,198,18,5,31,4
1,86,198,6,3,2,2
4,86,198,2,16,0,1
3,86,198,2,9,0,0
2,86,198,9,3,12,2
3,86,198,1,0,0,4
5,86,198,0,1,4,0
1,86,198,7,2,1,1
0,86,198,12,3,7,3
4,86,198,16,13,0,0
1,86,198,11,8,4,3
5,86,198,13,4,12,5
0,86,198,12,8,29,7
3,86,198,3,3,11,5
2,86,198,19,1,14,2
4,86,198,3,3,0,0
0,87,200,18,1,9,0
3,87,200,6,8,0,0
0,87,200,15,0,1,0
5,87,200,30,0,12,0
4,87,200,8,5,1,0
1,87,200,11,1,8,1
2,87,200,5,14,1,0
2,87,200,11,3,0,0
5,87,200,3,2,10,2
1,87,200,10,10,17,17
4,87,200,4,4,1,1
3,87,200,5,1,2,1
2,87,200,22,3,0,1
3,87,200,8,3,1,0
5,87,200,3,6,3,5
1,87,200,25,1,2,1
0,87,200,14,0,1,0
4,87,200,3,4,0,1
1,87,200,6,0,0,0
5,87,200,8,2,10,2
0,87,200,5,3,26,3
3,87,200,6,4,0,0
2,87,200,11,1,7,1
4,87,200,19,1,8,0
0,88,203,15,3,0,1
3,88,203,10,8,1,1
0,88,203,17,0,2,0
5,88,203,24,4,1,0
4,88,203,14,20,0,1
1,88,203,10,5,1,0
2,88,203,11,6,0,1
2,88,203,5,13,0,1
5,88,203,13,7,0,0
1,88,203,8,5,0,0
4,88,203,13,15,5,5
3,88,203,1,0,0,0
2,88,203,6,3,0,0
3,88,203,8,10,0,0
5,88,203,13,1,2,1
1,88,203,2,1,7,1
0,88,203,27,0,1,1
4,88,203,0,21,0,0
1,88,203,2,2,0,0
5,88,203,30,1,1,1
0,88,203,8,0,1,0
3,88,203,17,1,2,2
2,88,203,17,8,1,1
4,88,203,8,5,1,1
0,89,205,34,4,7,5
3,89,205,6,5,2,3
0,89,205,15,3,0,0
5,89,205,15,0,0,1
4,89,205,17,5,4,3
1,89,205,26,14,0,0
2,89,205,17,4,0,1
5,89,205,15,9,6,7
1,89,205,28,3,0,0
4,89,205,5,7,1,1
3,89,205,2,18,2,11
2,89,205,8,5,2,3
3,89,205,31,16,6,5
5,89,205,28,0,4,0
1,89,205,1,0,0,0
0,89,205,5,2,6,2
4,89,205,8,13,0,1
1,89,205,12,1,0,0
5,89,205,7,2,4,3
0,89,205,32,0,0,0
3,89,205,4,4,0,0
2,89,205,21,0,12,1
4,89,205,8,13,1,1
0,90,207,15,7,5,6
3,90,207,0,7,0,0
0,90,207,10,6,2,2
5,90,207,22,1,0,1
4,90,207,12,11,0,0
1,90,207,25,5,0,0
2,90,207,13,11,0,0
2,90,207,3,2,0,0
5,90,207,2,1,0,0
1,90,207,20,2,0,0
4,90,207,1,7,0,0
3,90,207,3,1,1,1
2,90,207,4,8,0,0
3,90,207,12,7,4,5
5,90,207,13,1,2,0
1,90,207,8,1,0,0
0,90,207,6,1,1,0
4,90,207,1,3,1,1
1,90,207,14,0,0,1
5,90,207,9,0,0,0
0,90,207,3,0,0,0
3,90,207,0,3,0,0
2,90,207,12,2,5,1
4,90,207,18,4,2,3
0,91,212,28,5,0,1
3,91,212,1,1,2,1
0,91,212,6,2,3,2
5,91,212,2,0,1,0
4,91,212,9,24,2,1
1,91,212,13,5,0,0
2,91,212,4,0,0,0
2,91,212,1,4,1,0
5,91,212,25,5,5,5
1,91,212,28,1,0,1
3,91,212,1,11,1,0
2,91,212,1,3,0,0
3,91,212,21,8,2,2
5,91,212,32,5,15,5
1,91,212,19,3,5,3
0,91,212,11,1,1,0
4,91,212,26,8,0,0
1,91,212,13,1,1,0
5,91,212,13,0,3,0
0,91,212,7,0,2,0
3,91,212,1,3,0,1
2,91,212,16,5,6,6
4,91,212,2,3,0,0
0,92,214,10,0,4,0
3,92,214,1,5,1,0
0,92,214,17,0,1,0
5,92,214,5,3,7,3
4,92,214,5,17,6,5
1,92,214,5,10,1,1
2,92,214,7,6,4,4
2,92,214,5,8,1,2
5,92,214,10,0,0,0
1,92,214,7,0,0,0
4,92,214,3,3,1,2
3,92,214,3,5,1,2
2,92,214,1,0,1,2
3,92,214,5,5,0,0
5,92,214,7,1,0,0
1,92,214,7,1,1,0
0,92,214,13,1,4,0
4,92,214,11,1,1,1
1,92,214,5,3,0,0
5,92,214,14,1,0,0
0,92,214,17,0,14,0
3,92,214,4,0,0,0
2,92,214,2,2,7,3
4,92,214,5,3,1,0
0,93,217,25,2,0,0
3,93,217,6,2,0,0
0,93,217,28,1,2,1
5,93,217,26,2,5,1
4,93,217,6,6,1,1
1,93,217,2,9,0,1
2,93,217,10,2,0,0
2,93,217,4,8,0,0
5,93,217,21,1,4,2
1,93,217,2,1,0,0
4,93,217,2,14,1,1
3,93,217,2,8,1,1
2,93,217,12,2,0,0
3,93,217,9,1,0,0
5,93,217,15,0,0,0
1,93,217,0,0,4,0
0,93,217,17,0,1,0
4,93,217,19,1,1,2
1,93,217,13,0,3,1
5,93,217,14,0,2,0
0,93,217,8,0,0,0
3,93,217,2,0,0,0
2,93,217,5,0,1,0
4,93,217,6,1,3,0
0,94,219,45,1,3,1
3,94,219,10,3,0,0
0,94,219,9,1,1,1
5,94,219,11,0,4,0
4,94,219,11,1,0,0
1,94,219,7,1,0,0
2,94,219,4,10,0,1
2,94,219,0,3,0,0
5,94,219,15,5,1,2
1,94,219,18,2,0,0
4,94,219,4,6,0,1
3,94,219,13,5,0,0
2,94,219,10,0,1,0
3,94,219,2,12,0,0
5,94,219,3,1,0,0
1,94,219,4,1,0,0
0,94,219,21,0,0,1
4,94,219,14,1,8,2
1,94,219,10,2,5,2
5,94,219,10,1,5,2
0,94,219,11,0,0,0
3,94,219,18,5,1,1
2,94,219,10,1,0,0
4,94,219,2,2,2,1
0,95,221,33,0,1,0
3,95,221,13,29,0,0
0,95,221,13,4,0,0
4,95,221,4,16,0,0
1,95,221,8,0,0,0
2,95,221,3,2,3,1
2,95,221,1,1,11,0
5,95,221,10,0,2,0
1,95,221,5,1,0,0
4,95,221,12,7,0,0
3,95,221,0,1,0,4
2,95,221,1,1,6,2
3,95,221,14,8,1,0
5,95,221,15,0,4,0
1,95,221,6,3,1,0
0,95,221,22,1,0,0
4,95,221,9,0,10,0
1,95,221,18,3,1,0
5,95,221,13,0,6,0
0,95,221,8,0,4,1
3,95,221,8,1,0,0
2,95,221,29,0,0,0
4,95,221,9,0,0,0
0,96,224,12,0,0,0
3,96,224,2,2,1,1
0,96,224,23,0,0,0
5,96,224,6,0,2,0
4,96,224,2,14,2,5
1,96,224,6,0,0,0
2,96,224,8,2,1,1
2,96,224,5,2,0,0
5,96,224,7,0,0,0
1,96,224,3,2,2,6
4,96,224,10,3,0,0
3,96,224,5,1,0,0
2,96,224,3,5,0,0
3,96,224,5,2,0,1
5,96,224,5,0,3,0
1,96,224,4,2,0,0
0,96,224,16,0,1,0
4,96,224,4,3,0,0
1,96,224,4,5,1,0
5,96,224,8,0,0,0
0,96,224,23,0,15,1
3,96,224,6,5,0,0
2,96,224,5,1,0,0
4,96,224,1,2,1,0
0,97,226,29,1,17,0
3,97,226,1,0,1,0
0,97,226,4,0,19,0
5,97,226,9,0,0,0
4,97,226,3,3,1,0
1,97,226,6,1,1,1
2,97,226,3,7,2,1
2,97,226,4,0,0,0
5,97,226,8,0,0,0
1,97,226,5,1,0,0
4,97,226,3,2,0,0
3,97,226,1,0,2,1
2,97,226,0,4,1,2
3,97,226,5,0,1,0
5,97,226,5,1,1,0
1,97,226,2,3,1,0
0,97,226,20,0,1,0
4,97,226,3,0,0,0
1,97,226,5,0,0,0
5,97,226,7,0,0,0
0,97,226,7,0,1,0
3,97,226,3,0,0,0
2,97,226,3,1,0,0
4,97,226,3,0,0,0
0,98,228,18,0,2,0
3,98,228,0,3,1,0
0,98,228,48,3,7,2
5,98,228,4,0,10,0
4,98,228,2,3,4,2
1,98,228,2,5,0,0
2,98,228,5,5,1,1
2,98,228,2,0,0,0
5,98,228,8,0,0,0
1,98,228,10,1,0,0
4,98,228,3,3,0,1
3,98,228,3,4,0,0
2,98,228,2,0,0,0
3,98,228,1,9,2,2
5,98,228,6,1,0,0
1,98,228,7,0,0,0
0,98,228,27,0,8,0
4,98,228,11,0,1,1
1,98,228,2,0,0,0
5,98,228,11,0,0,0
0,98,228,45,0,7,1
3,98,228,3,4,0,0
2,98,228,5,0,1,1
4,98,228,3,0,0,0
0,99,231,14,0,8,1
3,99,231,5,15,0,0
0,99,231,10,1,0,0
5,99,231,18,10,0,0
4,99,231,11,23,0,0
1,99,231,19,16,1,1
2,99,231,1,11,0,0
2,99,231,5,7,0,1
5,99,231,25,2,11,2
1,99,231,10,25,0,0
4,99,231,1,14,0,3
3,99,231,2,17,0,0
2,99,231,14,1,1,0
3,99,231,5,1,5,1
5,99,231,3,0,5,1
1,99,231,11,2,0,1
0,99,231,11,8,0,1
4,99,231,26,1,0,0
1,99,231,7,0,1,0
5,99,231,18,2,15,2
0,99,231,3,0,7,0
3,99,231,9,1,2,0
2,99,231,13,3,0,0
4,99,231,11,5,0,1
0,100,233,13,0,0,0
3,100,233,3,2,0,0
0,100,233,17,0,0,0
5,100,233,11,10,0,1
4,100,233,11,6,0,1
1,100,233,5,1,0,0
2,100,233,12,3,0,0
2,100,233,2,7,1,0
5,100,233,15,0,1,1
1,100,233,9,1,0,1
4,100,233,9,1,1,2
3,100,233,0,1,0,1
2,100,233,5,0,1,0
3,100,233,3,1,0,1
5,100,233,15,0,3,1
1,100,233,4,0,1,0
0,100,233,4,0,5,0
4,100,233,11,1,0,0
1,100,233,8,0,0,0
5,100,233,9,0,7,0
0,100,233,8,0,0,0
3,100,233,5,0,1,0
2,100,233,10,0,3,0
4,100,233,3,10,0,0
0,101,235,21,4,2,1
3,101,235,3,0,0,1
0,101,235,28,3,16,2
5,101,235,21,1,2,1
4,101,235,25,3,1,2
1,101,235,23,2,1,0
2,101,235,10,1,0,1
2,101,235,16,1,0,0
5,101,235,11,2,1,1
1,101,235,18,1,3,1
4,101,235,10,1,1,0
3,101,235,0,1,1,3
2,101,235,9,1,3,0
3,101,235,11,4,2,3
5,101,235,17,1,2,0
1,101,235,23,1,0,0
0,101,235,15,0,0,0
4,101,235,6,0,0,0
1,101,235,11,1,1,2
5,101,235,16,0,5,0
0,101,235,8,0,0,0
3,101,235,2,0,0,0
2,101,235,18,0,0,0
4,101,235,10,4,0,0
0,102,238,4,0,2,0
3,102,238,1,0,0,0
0,102,238,2,0,0,0
5,102,238,17,0,1,0
4,102,238,8,1,0,0
1,102,238,5,0,0,0
2,102,238,12,2,0,0
2,102,238,3,2,0,0
5,102,238,14,0,0,0
1,102,238,10,0,0,0
4,102,238,3,1,0,1
3,102,238,0,2,0,0
2,102,238,8,1,0,0
3,102,238,2,4,0,0
5,102,238,3,0,1,0
1,102,238,1,0,0,0
0,102,238,11,0,1,0
4,102,238,9,0,1,0
1,102,238,4,1,0,0
5,102,238,15,0,0,0
0,102,238,10,0,0,0
3,102,238,2,0,0,0
2,102,238,13,0,0,0
4,102,238,7,0,1,1
0,103,240,14,0,0,0
3,103,240,1,1,4,2
0,103,240,20,1,1,2
5,103,240,4,1,1,0
4,103,240,2,15,0,0
1,103,240,8,5,0,0
2,103,240,8,15,0,0
2,103,240,4,12,0,0
5,103,240,32,1,2,1
1,103,240,8,2,0,0
4,103,240,15,4,0,0
3,103,240,1,1,1,1
2,103,240,2,1,7,0
3,103,240,9,1,1,1
5,103,240,13,0,1,0
1,103,240,1,4,1,0
0,103,240,26,0,3,0
4,103,240,10,4,0,0
1,103,240,6,1,0,0
5,103,240,15,1,1,0
0,103,240,10,0,2,0
3,103,240,1,0,0,0
2,103,240,13,0,0,0
4,103,240,3,3,0,0
0,104,242,9,0,1,0
3,104,242,1,6,1,1
0,104,242,1,0,0,0
5,104,242,6,1,19,0
4,104,242,7,5,2,2
1,104,242,4,0,0,0
2,104,242,1,1,0,0
2,104,242,3,0,0,0
5,104,242,9,2,1,1
1,104,242,13,0,0,1
4,104,242,4,4,0,0
3,104,242,3,1,0,0
2,104,242,1,0,1,0
3,104,242,10,1,0,0
5,104,242,3,0,1,0
1,104,242,5,0,0,0
0,104,242,7,0,4,0
4,104,242,3,1,0,0
1,104,242,2,1,1,1
5,104,242,24,0,0,0
0,104,242,2,0,0,0
2,104,242,19,0,3,0
4,104,242,4,3,0,0
0,105,245,9,0,1,0
3,105,245,1,6,1,1
0,105,245,1,0,0,0
5,105,245,6,1,19,0
4,105,245,7,5,2,2
1,105,245,4,0,0,0
2,105,245,1,1,0,0
2,105,245,3,0,0,0
5,105,245,9,2,1,1
1,105,245,12,1,1,0
4,105,245,4,4,0,0
3,105,245,3,1,0,0
2,105,245,1,0,1,0
3,105,245,10,1,0,0
5,105,245,3,0,1,0
1,105,245,5,0,0,0
0,105,245,7,0,4,0
4,105,245,3,1,0,0
1,105,245,2,1,1,1
5,105,245,24,0,0,0
0,105,245,2,0,0,0
2,105,245,19,0,3,0
4,105,245,4,3,0,0
0,106,247,11,0,0,0
3,106,247,0,1,0,0
0,106,247,10,0,0,0
5,106,247,6,1,1,0
4,106,247,3,1,3,0
1,106,247,6,1,0,0
2,106,247,3,0,0,0
5,106,247,19,0,2,0
1,106,247,3,0,0,0
4,106,247,4,3,1,0
3,106,247,2,0,0,0
2,106,247,1,0,0,0
3,106,247,5,1,0,0
5,106,247,13,0,2,0
1,106,247,4,2,0,0
0,106,247,6,0,2,0
4,106,247,2,6,1,1
1,106,247,5,0,0,0
5,106,247,10,0,2,0
0,106,247,13,0,0,0
3,106,247,1,0,0,0
2,106,247,2,1,2,1
4,106,247,4,1,1,2
0,107,249,28,0,0,0
3,107,249,5,4,0,0
0,107,249,23,1,0,0
5,107,249,21,7,6,6
4,107,249,5,4,1,1
1,107,249,8,4,2,3
2,107,249,5,6,0,0
2,107,249,0,1,0,0
5,107,249,15,2,8,2
1,107,249,3,2,1,0
4,107,249,1,1,2,0
3,107,249,7,4,1,1
2,107,249,4,3,0,0
3,107,249,9,2,0,0
5,107,249,8,0,3,0
1,107,249,5,0,4,0
0,107,249,11,0,3,0
4,107,249,0,0,2,0
1,107,249,5,1,1,0
5,107,249,12,1,7,0
0,107,249,3,1,1,2
3,107,249,21,7,0,0
2,107,249,10,0,0,0
4,107,249,2,0,1,0
0,108,252,20,1,0,0
3,108,252,3,4,1,2
0,108,252,9,2,0,0
5,108,252,13,0,2,0
4,108,252,3,6,0,1
1,108,252,2,0,0,0
2,108,252,1,1,1,1
2,108,252,8,1,2,1
5,108,252,19,3,4,4
1,108,252,10,2,4,2
4,108,252,0,2,0,1
3,108,252,4,1,0,0
2,108,252,4,5,1,1
3,108,252,5,4,0,1
5,108,252,4,1,0,0
1,108,252,5,2,0,0
0,108,252,16,0,3,1
4,108,252,4,2,1,1
1,108,252,3,2,1,0
5,108,252,2,1,13,3
0,108,252,3,1,2,0
3,108,252,5,2,1,1
2,108,252,5,2,0,0
4,108,252,2,1,1,0
0,109,254,8,0,0,0
3,109,254,6,9,0,1
0,109,254,11,0,0,0
5,109,254,15,1,0,0
4,109,254,28,1,0,0
1,109,254,0,0,1,1
2,109,254,9,9,0,0
2,109,254,5,7,2,2
5,109,254,4,0,6,0
1,109,254,2,0,0,0
4,109,254,1,5,0,0
3,109,254,7,4,0,0
2,109,254,6,1,0,0
3,109,254,6,1,1,0
5,109,254,6,1,3,1
1,109,254,9,1,1,1
0,109,254,21,1,1,0
4,109,254,4,2,1,0
1,109,254,6,3,1,0
5,109,254,9,1,17,0
0,109,254,6,0,4,1
3,109,254,3,2,0,0
2,109,254,2,2,1,0
4,109,254,5,2,0,0
0,110,256,30,0,5,1
3,110,256,3,0,1,0
0,110,256,32,2,4,1
5,110,256,13,0,3,0
4,110,256,12,14,0,0
1,110,256,15,4,1,0
2,110,256,5,12,1,1
2,110,256,9,0,3,1
5,110,256,8,1,16,1
1,110,256,0,0,0,1
4,110,256,3,8,0,0
3,110,256,5,13,1,0
2,110,256,15,0,0,0
3,110,256,13,0,0,0
5,110,256,10,0,7,0
1,110,256,5,0,1,1
0,110,256,30,3,2,2
4,110,256,12,11,0,0
1,110,256,35,7,0,0
5,110,256,17,1,0,0
0,110,256,6,0,22,0
3,110,256,7,3,0,0
2,110,256,11,0,3,0
4,110,256,10,0,0,0
0,111,259,7,3,0,1
3,111,259,4,0,0,1
0,111,259,13,0,0,0
5,111,259,17,0,0,0
4,111,259,3,2,1,0
1,111,259,9,1,0,0
2,111,259,0,0,4,1
2,111,259,0,0,6,0
5,111,259,20,1,5,1
1,111,259,2,2,0,0
4,111,259,1,3,1,1
3,111,259,2,2,0,0
2,111,259,2,1,1,0
3,111,259,5,6,0,0
5,111,259,13,1,2,0
1,111,259,2,0,0,0
0,111,259,14,0,3,0
4,111,259,0,0,5,2
1,111,259,5,0,0,0
5,111,259,17,3,1,2
0,111,259,4,0,0,0
3,111,259,7,1,0,0
2,111,259,7,0,3,0
4,111,259,3,2,0,0
0,112,261,14,1,2,0
3,112,261,2,1,0,0
0,112,261,16,0,0,0
5,112,261,12,0,0,0
4,112,261,12,1,2,1
1,112,261,3,1,0,0
2,112,261,3,1,0,0
2,112,261,3,0,3,0
5,112,261,0,0,4,3
1,112,261,5,0,1,0
4,112,261,2,1,0,0
3,112,261,1,0,0,1
2,112,261,2,0,3,0
3,112,261,2,2,0,1
5,112,261,8,0,3,1
1,112,261,3,0,0,0
0,112,261,9,0,4,0
4,112,261,1,1,1,1
1,112,261,2,0,0,0
5,112,261,9,0,3,0
0,112,261,5,0,2,0
3,112,261,3,0,1,0
2,112,261,8,1,3,0
4,112,261,2,0,1,0
0,113,263,4,0,21,0
3,113,263,0,0,16,0
0,113,263,18,2,1,2
5,113,263,12,1,10,0
4,113,263,6,1,32,0
1,113,263,13,2,9,2
2,113,263,0,0,37,0
2,113,263,6,3,7,3
5,113,263,10,0,25,1
1,113,263,6,0,6,0
4,113,263,5,2,1,2
3,113,263,0,0,4,0
2,113,263,5,1,14,1
3,113,263,1,0,14,1
5,113,263,13,0,25,0
1,113,263,10,1,1,2
0,113,263,1,0,15,0
4,113,263,4,0,14,0
1,113,263,4,0,3,0
5,113,263,1,0,16,2
0,113,263,3,0,10,0
3,113,263,17,0,2,0
2,113,263,4,3,6,2
4,113,263,6,1,12,1
0,114,266,15,0,5,0
3,114,266,13,2,0,1
0,114,266,2,0,0,0
5,114,266,7,0,1,0
4,114,266,13,15,2,2
1,114,266,8,1,0,0
2,114,266,21,14,0,0
2,114,266,6,4,0,0
5,114,266,21,2,1,0
1,114,266,4,0,2,0
4,114,266,0,0,2,1
3,114,266,2,1,1,2
2,114,266,14,1,0,0
3,114,266,7,8,0,0
5,114,266,23,0,1,0
1,114,266,1,2,0,0
0,114,266,15,0,0,0
4,114,266,7,2,0,0
1,114,266,0,0,2,0
5,114,266,10,0,3,0
0,114,266,0,0,7,0
3,114,266,1,0,1,0
2,114,266,7,1,0,0
4,114,266,9,1,2,1
0,115,268,34,1,2,0
3,115,268,7,0,0,0
0,115,268,15,3,2,1
5,115,268,24,1,0,1
4,115,268,0,0,9,0
1,115,268,10,1,1,1
2,115,268,21,4,1,1
2,115,268,14,11,1,0
5,115,268,14,0,2,0
1,115,268,7,0,0,0
4,115,268,6,15,0,1
3,115,268,6,3,0,0
2,115,268,5,0,0,0
3,115,268,7,4,0,0
5,115,268,8,2,5,1
1,115,268,10,2,2,1
0,115,268,8,0,2,0
4,115,268,12,5,0,0
1,115,268,38,9,4,3
5,115,268,4,3,3,2
0,115,268,8,0,0,0
3,115,268,2,1,1,0
2,115,268,5,1,1,1
4,115,268,5,3,0,0
0,116,270,9,0,0,0
3,116,270,4,4,0,0
0,116,270,9,0,0,0
5,116,270,17,5,0,1
4,116,270,5,4,0,0
1,116,270,6,1,1,0
2,116,270,4,6,0,0
2,116,270,4,0,0,0
5,116,270,33,2,1,1
1,116,270,2,5,0,0
4,116,270,8,3,0,0
3,116,270,2,1,4,0
2,116,270,2,0,1,0
3,116,270,4,2,0,1
5,116,270,14,1,8,1
1,116,270,10,4,1,0
0,116,270,16,0,2,0
4,116,270,2,3,0,0
1,116,270,8,2,0,0
5,116,270,15,2,1,0
0,116,270,8,0,0,0
3,116,270,1,0,0,0
2,116,270,11,2,2,1
4,116,270,4,1,2,0
0,117,273,0,0,15,1
3,117,273,9,1,0,0
0,117,273,11,0,3,0
5,117,273,9,0,4,0
4,117,273,9,2,0,0
1,117,273,5,0,0,1
2,117,273,3,4,0,0
2,117,273,4,2,0,1
5,117,273,13,0,3,0
1,117,273,10,0,0,0
4,117,273,8,0,3,0
3,117,273,3,2,0,0
2,117,273,10,0,8,0
3,117,273,17,3,0,0
5,117,273,12,0,0,0
1,117,273,0,0,6,0
0,117,273,16,0,1,0
4,117,273,8,0,0,0
1,117,273,17,0,2,0
5,117,273,18,0,0,0
0,117,273,17,0,0,0
2,117,273,11,0,0,0
4,117,273,12,1,0,0
0,118,275,34,0,0,0
3,118,275,2,0,0,0
0,118,275,18,7,1,1
5,118,275,7,1,0,0
4,118,275,6,15,3,4
1,118,275,8,1,1,0
2,118,275,3,3,0,0
2,118,275,0,3,0,0
5,118,275,18,4,0,0
1,118,275,2,1,0,0
4,118,275,1,8,0,0
3,118,275,4,4,4,4
2,118,275,9,0,0,0
3,118,275,8,3,0,0
5,118,275,35,0,1,0
1,118,275,8,1,1,1
0,118,275,16,3,7,2
4,118,275,9,2,0,0
1,118,275,17,0,0,0
5,118,275,14,0,4,1
0,118,275,13,1,0,0
3,118,275,5,0,0,0
2,118,275,32,14,10,10
4,118,275,7,2,1,1
0,119,277,9,0,18,0
3,119,277,15,1,9,1
0,119,277,4,0,14,0
5,119,277,9,6,11,5
4,119,277,6,4,23,4
1,119,277,5,1,9,0
2,119,277,11,2,5,2
2,119,277,2,1,4,2
5,119,277,5,4,19,9
1,119,277,9,6,2,3
4,119,277,7,0,17,0
3,119,277,5,2,11,2
2,119,277,5,1,3,1
3,119,277,3,1,11,1
5,119,277,20,0,26,0
1,119,277,6,0,10,0
0,119,277,18,1,19,0
4,119,277,7,1,11,2
1,119,277,7,1,9,0
5,119,277,23,1,19,2
0,119,277,5,0,23,0
3,119,277,5,0,5,0
2,119,277,9,0,8,1
4,119,277,7,1,5,1
0,120,280,18,0,0,0
3,120,280,9,0,0,0
0,120,280,13,0,0,0
5,120,280,8,0,4,1
4,120,280,14,7,1,1
1,120,280,6,1,0,0
2,120,280,1,1,3,1
2,120,280,4,0,1,1
5,120,280,9,12,0,0
1,120,280,1,4,0,0
4,120,280,7,9,0,0
3,120,280,4,1,7,0
2,120,280,4,0,0,0
3,120,280,6,4,1,0
5,120,280,22,0,1,1
1,120,280,10,0,0,0
0,120,280,19,0,0,0
4,120,280,10,1,0,0
1,120,280,8,1,0,0
5,120,280,8,1,9,1
0,120,280,19,0,2,0
3,120,280,4,1,0,0
2,120,280,0,9,0,0
4,120,280,5,1,0,0
0,121,282,6,0,7,0
3,121,282,8,8,0,0
0,121,282,2,0,6,0
5,121,282,27,1,0,1
4,121,282,0,1,0,0
1,121,282,7,3,0,1
2,121,282,2,0,0,0
2,121,282,3,0,0,1
5,121,282,5,0,4,1
1,121,282,4,1,1,1
4,121,282,6,5,0,0
3,121,282,1,1,5,1
2,121,282,7,3,0,0
3,121,282,1,2,11,1
5,121,282,5,2,3,2
1,121,282,4,1,0,0
0,121,282,9,0,2,0
4,121,282,5,4,0,0
1,121,282,5,1,1,1
5,121,282,3,3,3,3
0,121,282,26,2,4,2
3,121,282,9,2,1,1
2,121,282,5,2,1,1
4,121,282,22,4,2,2
0,122,284,32,1,5,0
3,122,284,7,1,0,0
0,122,284,15,0,1,0
5,122,284,6,0,1,0
4,122,284,7,2,1,0
1,122,284,8,0,0,0
2,122,284,4,1,5,1
2,122,284,5,0,3,0
5,122,284,4,0,9,0
1,122,284,4,0,6,0
4,122,284,5,1,1,0
3,122,284,1,0,0,0
2,122,284,27,0,2,0
3,122,284,14,1,0,0
5,122,284,11,1,6,0
1,122,284,4,3,1,0
0,122,284,4,0,2,0
4,122,284,1,0,2,0
1,122,284,5,1,0,0
5,122,284,15,0,3,0
0,122,284,18,0,9,1
3,122,284,10,5,2,1
2,122,284,15,1,2,0
4,122,284,7,0,0,1
0,123,287,8,2,0,0
3,123,287,3,0,0,0
0,123,287,2,0,0,1
5,123,287,19,1,0,0
4,123,287,8,4,0,0
1,123,287,10,1,0,0
2,123,287,1,0,0,0
2,123,287,2,1,0,1
5,123,287,8,0,5,0
1,123,287,0,0,0,2
4,123,287,1,3,0,0
3,123,287,1,0,1,0
2,123,287,3,1,1,0
3,123,287,5,7,0,0
5,123,287,4,0,0,0
1,123,287,2,0,2,0
0,123,287,22,1,2,0
1,123,287,5,0,0,0
5,123,287,11,0,0,1
0,123,287,11,2,0,0
3,123,287,2,1,2,0
2,123,287,11,3,0,1
4,123,287,4,3,1,0
0,124,289,4,0,0,0
5,124,289,4,1,0,0
4,124,289,4,9,0,1
1,124,289,2,0,0,0
2,124,289,5,0,0,0
2,124,289,4,0,0,0
5,124,289,1,0,4,0
1,124,289,4,0,0,0
4,124,289,0,0,2,0
3,124,289,0,0,1,0
2,124,289,2,0,0,0
3,124,289,3,1,1,0
5,124,289,12,0,3,0
1,124,289,6,1,0,0
0,124,289,6,0,2,0
4,124,289,3,3,1,0
1,124,289,5,3,0,0
5,124,289,4,0,6,0
0,124,289,8,0,0,0
3,124,289,0,0,1,0
2,124,289,9,1,3,0
4,124,289,0,2,0,1
0,125,291,11,1,6,1
3,125,291,0,0,1,0
0,125,291,10,6,0,1
5,125,291,12,8,5,5
4,125,291,1,0,15,1
1,125,291,2,1,6,1
2,125,291,2,2,19,2
2,125,291,1,1,2,1
5,125,291,1,0,20,1
1,125,291,1,0,2,0
4,125,291,2,2,4,2
3,125,291,1,0,3,0
2,125,291,3,3,4,3
3,125,291,7,2,11,2
5,125,291,2,2,15,3
1,125,291,1,8,1,1
0,125,291,1,1,12,1
4,125,291,0,0,7,0
1,125,291,1,2,5,2
5,125,291,7,2,17,1
0,125,291,11,0,15,0
3,125,291,0,0,5,0
2,125,291,9,1,3,1
4,125,291,2,0,7,1
0,126,294,2,0,3,1
3,126,294,0,0,1,0
5,126,294,1,1,5,1
4,126,294,9,5,0,0
1,126,294,5,0,1,0
2,126,294,13,1,2,0
2,126,294,3,0,0,0
5,126,294,17,1,3,0
1,126,294,1,0,0,0
4,126,294,3,0,2,1
3,126,294,0,0,1,0
2,126,294,1,0,1,2
3,126,294,8,3,1,1
5,126,294,14,2,0,0
1,126,294,0,0,1,0
0,126,294,11,0,2,0
4,126,294,4,0,1,0
1,126,294,4,0,0,0
5,126,294,3,0,7,0
0,126,294,6,1,6,0
3,126,294,3,0,1,1
2,126,294,3,0,0,0
4,126,294,6,0,0,0
3,127,296,2,0,0,0
0,127,296,2,1,0,0
4,127,296,1,5,0,0
1,127,296,5,3,0,0
2,127,296,5,1,0,0
2,127,296,0,0,1,0
5,127,296,8,0,0,0
1,127,296,8,0,0,0
4,127,296,1,0,0,0
2,127,296,2,0,0,0
3,127,296,6,3,1,2
5,127,296,12,1,4,0
1,127,296,1,0,1,0
0,127,296,17,0,0,0
4,127,296,6,3,0,0
1,127,296,2,1,0,0
5,127,296,4,1,4,1
0,127,296,4,0,2,0
3,127,296,3,1,2,1
2,127,296,3,2,2,1
4,127,296,3,3,0,0
0,128,298,17,5,1,0
3,128,298,5,4,1,1
0,128,298,0,0,4,0
5,128,298,11,2,9,2
4,128,298,1,1,0,0
1,128,298,2,0,1,0
2,128,298,3,0,1,0
2,128,298,3,1,0,0
5,128,298,10,2,0,0
1,128,298,7,3,0,0
4,128,298,3,4,1,0
2,128,298,4,2,0,0
3,128,298,8,3,0,0
5,128,298,11,1,3,2
1,128,298,7,1,0,1
0,128,298,5,0,4,0
4,128,298,0,0,0,1
1,128,298,4,0,0,0
5,128,298,6,0,1,0
0,128,298,4,0,1,0
3,128,298,2,3,0,0
2,128,298,7,1,0,0
4,128,298,1,2,0,0
0,129,301,2,0,2,0
3,129,301,0,0,3,0
0,129,301,2,0,0,0
5,129,301,1,0,2,2
4,129,301,0,1,1,0
1,129,301,1,0,0,0
2,129,301,0,1,0,0
2,129,301,0,0,1,0
5,129,301,0,0,2,0
1,129,301,3,1,0,0
4,129,301,3,0,0,0
3,129,301,2,0,0,0
2,129,301,3,0,0,0
3,129,301,4,2,1,0
5,129,301,3,1,2,1
1,129,301,0,1,0,0
0,129,301,17,1,1,1
4,129,301,1,8,0,0
1,129,301,1,0,0,0
5,129,301,7,0,0,0
0,129,301,4,0,0,0
3,129,301,3,1,0,0
2,129,301,4,2,0,0
0,130,303,4,0,0,0
3,130,303,10,2,0,0
0,130,303,3,0,2,0
5,130,303,1,0,0,0
4,130,303,0,0,5,1
1,130,303,0,0,2,0
2,130,303,1,0,0,0
2,130,303,0,0,1,0
5,130,303,0,0,1,0
1,130,303,0,1,0,0
4,130,303,3,3,0,0
3,130,303,0,0,1,1
2,130,303,3,0,0,0
3,130,303,0,1,0,0
5,130,303,23,1,5,0
1,130,303,4,0,1,1
0,130,303,2,1,2,1
4,130,303,0,0,0,1
1,130,303,3,1,1,0
5,130,303,2,0,4,0
0,130,303,7,0,0,0
3,130,303,4,0,2,0
2,130,303,8,1,0,0
4,130,303,5,0,1,0
0,131,305,4,1,0,0
3,131,305,2,0,2,0
0,131,305,3,0,0,0
5,131,305,1,1,0,0
4,131,305,2,4,1,0
1,131,305,2,0,0,0
2,131,305,1,0,0,0
5,131,305,2,1,0,0
4,131,305,2,0,0,0
2,131,305,2,1,1,0
3,131,305,9,2,0,0
5,131,305,5,1,1,0
1,131,305,1,1,0,0
0,131,305,7,0,0,0
4,131,305,6,0,0,1
1,131,305,5,0,2,0
5,131,305,4,1,6,1
3,131,305,1,0,0,0
2,131,305,7,1,1,1
4,131,305,3,1,0,0
0,132,308,29,0,0,0
3,132,308,1,1,0,0
0,132,308,3,0,0,0
5,132,308,3,0,0,0
4,132,308,0,2,0,0
1,132,308,1,0,0,0
2,132,308,2,3,0,0
5,132,308,1,0,2,0
1,132,308,1,0,0,0
4,132,308,3,4,0,0
3,132,308,4,1,0,0
5,132,308,3,0,0,0
1,132,308,1,0,0,0
0,132,308,4,1,0,0
4,132,308,0,1,0,0
1,132,308,1,0,0,1
5,132,308,4,0,1,0
0,132,308,5,0,0,0
3,132,308,1,0,0,0
2,132,308,3,0,0,0
3,133,310,2,1,0,0
0,133,310,0,0,1,0
5,133,310,13,0,1,0
4,133,310,1,2,0,0
1,133,310,4,0,0,0
2,133,310,2,1,1,1
5,133,310,0,0,1,0
1,133,310,1,0,1,0
4,133,310,0,1,1,0
3,133,310,0,0,2,1
2,133,310,0,1,0,0
5,133,310,3,0,1,1
1,133,310,0,2,0,0
0,133,310,13,0,0,0
4,133,310,0,1,0,0
1,133,310,2,1,0,0
5,133,310,5,0,8,1
0,133,310,5,1,4,1
2,133,310,4,1,0,0
4,133,310,1,2,0,0
0,134,312,2,0,1,0
3,134,312,1,4,0,0
0,134,312,8,0,0,0
5,134,312,6,0,1,0
4,134,312,3,1,0,0
1,134,312,1,0,0,0
2,134,312,0,0,0,1
2,134,312,3,2,0,0
5,134,312,0,0,1,0
1,134,312,0,0,2,0
4,134,312,0,1,0,0
3,134,312,0,1,0,0
2,134,312,3,2,0,0
3,134,312,2,0,0,0
5,134,312,0,0,1,0
1,134,312,7,0,0,0
0,134,312,2,0,4,0
1,134,312,1,2,0,0
5,134,312,9,0,1,0
0,134,312,0,1,1,0
3,134,312,0,2,0,0
2,134,312,6,0,0,1
4,134,312,5,0,0,0
0,135,315,3,0,0,0
0,135,315,3,0,0,0
5,135,315,12,0,3,0
4,135,315,0,1,1,0
2,135,315,1,0,0,0
2,135,315,1,3,0,0
5,135,315,2,0,0,0
4,135,315,1,0,0,0
2,135,315,2,0,2,0
3,135,315,5,3,0,0
5,135,315,1,1,1,0
0,135,315,4,0,0,0
4,135,315,2,2,1,0
1,135,315,0,3,1,0
5,135,315,7,0,0,1
2,135,315,6,5,0,0
4,135,315,1,0,0,0
0,136,317,5,0,1,0
0,136,317,4,0,0,1
5,136,317,6,3,0,0
4,136,317,3,1,1,1
1,136,317,0,2,1,0
5,136,317,3,2,3,1
1,136,317,1,1,4,1
4,136,317,0,0,7,0
2,136,317,2,0,0,1
3,136,317,0,2,0,0
5,136,317,3,1,0,0
1,136,317,2,0,0,0
0,136,317,7,2,1,0
4,136,317,0,1,1,0
1,136,317,2,0,0,0
5,136,317,8,1,7,0
0,136,317,5,0,0,0
3,136,317,0,1,1,0
2,136,317,3,0,3,1
4,136,317,1,0,2,1
0,137,319,2,0,2,0
3,137,319,3,0,4,0
0,137,319,1,0,5,0
5,137,319,9,0,2,1
4,137,319,2,2,6,2
1,137,319,4,0,2,0
2,137,319,0,0,8,0
2,137,319,1,0,0,0
5,137,319,0,1,10,0
1,137,319,2,0,2,0
4,137,319,4,1,1,1
2,137,319,3,0,2,0
3,137,319,6,1,7,1
5,137,319,3,0,5,0
1,137,319,2,0,1,0
0,137,319,6,0,15,0
4,137,319,0,0,5,0
1,137,319,0,1,3,0
5,137,319,5,1,11,0
0,137,319,3,0,11,0
3,137,319,0,0,0,1
2,137,319,2,0,4,0
4,137,319,4,0,0,0
0,138,322,1,0,1,0
3,138,322,1,0,2,1
0,138,322,4,0,1,0
5,138,322,2,0,0,1
4,138,322,3,2,2,1
1,138,322,2,0,0,0
2,138,322,6,1,0,0
5,138,322,7,1,0,0
1,138,322,1,0,0,0
4,138,322,0,1,0,1
2,138,322,0,1,0,0
3,138,322,3,3,1,0
5,138,322,1,0,1,0
1,138,322,0,0,0,1
0,138,322,11,2,0,0
4,138,322,2,3,0,0
1,138,322,0,0,1,0
5,138,322,1,0,6,1
0,138,322,6,1,0,1
3,138,322,1,0,0,0
2,138,322,4,0,0,0
0,139,324,5,0,1,0
0,139,324,1,0,2,1
5,139,324,1,3,0,0
4,139,324,0,3,1,0
1,139,324,5,3,0,0
2,139,324,2,2,0,0
2,139,324,7,5,2,2
5,139,324,3,2,1,1
1,139,324,4,0,0,0
4,139,324,2,1,0,0
3,139,324,1,1,0,0
2,139,324,1,0,2,1
3,139,324,3,0,2,0
5,139,324,1,0,0,0
0,139,324,7,0,0,0
4,139,324,1,4,0,0
1,139,324,3,2,0,0
5,139,324,7,1,0,0
0,139,324,3,1,0,0
3,139,324,1,0,0,0
2,139,324,1,1,0,0
4,139,324,3,0,0,0
0,140,326,1,1,0,0
3,140,326,1,0,0,2
5,140,326,1,1,2,0
4,140,326,0,3,0,0
1,140,326,4,2,0,0
2,140,326,1,2,1,1
2,140,326,6,1,0,0
5,140,326,14,3,0,1
1,140,326,4,4,1,0
4,140,326,1,6,0,0
3,140,326,1,0,0,0
2,140,326,1,0,0,0
3,140,326,1,2,0,0
5,140,326,5,1,0,0
1,140,326,1,3,1,0
0,140,326,3,0,1,0
4,140,326,0,1,0,0
1,140,326,3,2,0,0
5,140,326,3,0,0,0
3,140,326,0,2,0,0
2,140,326,8,2,0,0
4,140,326,3,0,0,1
0,141,329,5,1,0,0
3,141,329,2,0,2,0
0,141,329,0,0,2,0
1,141,329,3,0,0,0
2,141,329,1,0,0,1
2,141,329,2,0,0,0
5,141,329,4,0,0,0
1,141,329,3,2,0,0
4,141,329,0,1,0,0
2,141,329,0,1,0,0
3,141,329,5,1,1,0
5,141,329,1,0,4,0
1,141,329,1,0,2,0
0,141,329,9,1,4,0
4,141,329,1,1,0,0
5,141,329,4,0,0,0
0,141,329,3,0,0,0
2,141,329,2,2,0,1
4,141,329,2,0,1,0
0,142,331,1,0,0,0
3,142,331,1,4,0,0
0,142,331,2,0,1,0
5,142,331,4,0,0,0
4,142,331,0,0,1,1
1,142,331,0,0,1,1
5,142,331,2,0,0,0
4,142,331,0,1,0,0
3,142,331,1,1,0,0
3,142,331,1,0,1,0
5,142,331,5,0,0,0
1,142,331,2,0,0,0
0,142,331,0,0,1,0
4,142,331,1,1,0,0
5,142,331,2,0,0,0
0,142,331,1,0,0,0
3,142,331,2,0,0,0
4,142,331,2,0,0,0
0,143,333,5,1,0,0
3,143,333,1,0,1,0
0,143,333,6,0,1,0
5,143,333,11,1,0,1
4,143,333,0,3,0,0
1,143,333,3,1,0,0
2,143,333,1,0,0,0
2,143,333,0,1,0,0
5,143,333,2,4,1,1
1,143,333,1,1,0,0
4,143,333,1,1,0,0
2,143,333,0,1,0,0
3,143,333,5,0,2,1
5,143,333,3,0,2,1
0,143,333,1,0,0,1
4,143,333,1,0,0,1
1,143,333,2,1,1,1
5,143,333,6,0,0,1
3,143,333,2,0,1,0
2,143,333,4,11,0,1
4,143,333,3,1,0,0
0,144,336,1,0,0,0
3,144,336,2,0,0,0
0,144,336,2,0,0,0
5,144,336,1,0,0,0
4,144,336,2,1,1,1
1,144,336,1,0,0,0
2,144,336,1,0,0,0
5,144,336,1,1,0,0
1,144,336,4,0,0,0
4,144,336,1,0,2,1
2,144,336,2,3,0,0
3,144,336,3,1,2,2
5,144,336,1,0,0,0
1,144,336,0,0,1,0
0,144,336,0,1,0,0
4,144,336,0,0,0,1
1,144,336,0,0,1,0
5,144,336,4,2,0,0
0,144,336,2,0,0,0
2,144,336,6,3,0,0
0,145,338,3,0,0,0
5,145,338,1,1,0,0
1,145,338,3,2,0,0
2,145,338,1,0,0,0
5,145,338,3,0,0,0
4,145,338,1,1,0,0
3,145,338,0,1,0,0
2,145,338,1,0,0,0
3,145,338,0,0,0,1
5,145,338,1,0,2,0
1,145,338,0,2,0,0
4,145,338,2,3,0,0
1,145,338,1,0,0,0
5,145,338,5,1,4,1
0,145,338,1,1,0,0
3,145,338,1,0,0,0
2,145,338,5,1,1,1
4,145,338,0,1,0,0
0,146,340,5,0,2,0
3,146,340,1,0,0,0
0,146,340,1,0,1,0
5,146,340,2,0,0,0
4,146,340,0,0,0,1
1,146,340,1,0,1,0
2,146,340,1,8,1,0
2,146,340,3,0,2,0
5,146,340,0,0,3,0
1,146,340,2,1,1,0
4,146,340,1,3,1,1
3,146,340,0,2,0,0
1,146,340,1,0,1,0
0,146,340,3,1,0,0
4,146,340,0,0,6,1
1,146,340,3,1,1,1
5,146,340,5,0,0,0
2,146,340,2,2,1,0
0,147,343,0,0,1,0
3,147,343,4,0,0,0
0,147,343,8,0,0,0
5,147,343,5,0,0,0
4,147,343,1,0,0,0
1,147,343,1,0,0,0
1,147,343,2,0,0,0
4,147,343,2,0,0,0
2,147,343,2,0,0,0
3,147,343,3,0,0,0
5,147,343,1,0,0,0
0,147,343,2,0,0,0
4,147,343,1,0,0,0
5,147,343,6,0,0,0
0,147,343,1,0,0,0
2,147,343,3,0,0,0
4,147,343,3,0,0,0
0,148,345,1,0,0,0
3,148,345,0,1,0,0
0,148,345,1,0,0,0
5,148,345,0,0,0,1
4,148,345,1,1,0,0
1,148,345,1,0,0,0
2,148,345,0,0,1,0
2,148,345,0,0,1,0
5,148,345,1,0,0,0
1,148,345,0,0,0,2
4,148,345,0,0,1,0
3,148,345,0,1,0,0
5,148,345,4,1,0,0
1,148,345,0,3,0,0
0,148,345,1,0,0,0
4,148,345,1,0,0,2
5,148,345,3,1,2,1
0,148,345,1,0,0,0
2,148,345,1,1,1,0
4,148,345,1,0,0,1
0,149,347,1,0,0,0
3,149,347,0,0,0,1
0,149,347,4,0,0,0
5,149,347,2,1,1,0
4,149,347,5,0,1,0
1,149,347,1,4,0,0
2,149,347,2,0,1,0
5,149,347,0,1,1,0
4,149,347,0,0,0,2
2,149,347,0,3,0,0
3,149,347,0,1,0,0
5,149,347,1,1,0,0
1,149,347,1,1,1,0
0,149,347,1,1,0,0
4,149,347,0,1,0,0
1,149,347,0,0,0,1
5,149,347,0,0,2,0
2,149,347,0,1,0,0
0,150,350,1,0,0,0
3,150,350,3,0,0,0
4,150,350,1,0,1,0
1,150,350,5,1,0,0
2,150,350,1,0,1,0
2,150,350,1,0,0,0
5,150,350,3,0,0,0
2,150,350,0,0,1,0
3,150,350,2,0,0,1
5,150,350,1,0,2,0
1,150,350,1,1,1,0
0,150,350,2,1,2,0
4,150,350,1,1,0,0
1,150,350,1,0,0,0
5,150,350,1,0,1,0
0,150,350,1,0,2,0
2,150,350,2,2,0,0
4,150,350,0,0,0,1
0,151,352,3,0,0,0
3,151,352,0,0,1,0
0,151,352,2,0,0,0
5,151,352,1,0,0,0
4,151,352,0,0,4,3
5,151,352,0,0,1,0
2,151,352,2,0,2,0
3,151,352,1,0,2,0
5,151,352,0,1,0,0
1,151,352,4,0,0,0
0,151,352,1,0,1,0
4,151,352,1,1,0,0
5,151,352,1,0,0,0
2,151,352,0,5,0,0
0,152,354,8,0,3,0
3,152,354,1,0,0,0
0,152,354,0,0,2,0
5,152,354,3,1,1,1
4,152,354,1,0,0,0
1,152,354,1,0,0,0
2,152,354,0,0,1,0
5,152,354,2,6,0,0
1,152,354,2,1,0,0
3,152,354,1,0,0,0
2,152,354,1,0,0,0
3,152,354,5,0,0,0
5,152,354,1,0,3,0
1,152,354,5,0,0,0
0,152,354,2,1,0,0
4,152,354,0,1,0,0
1,152,354,1,0,0,0
5,152,354,4,1,0,0
0,152,354,1,0,0,0
3,152,354,1,0,0,0
2,152,354,1,0,3,0
4,152,354,1,0,0,0
0,153,357,1,0,0,0
3,153,357,2,2,1,0
0,153,357,3,0,0,0
5,153,357,1,0,1,0
4,153,357,1,1,1,0
1,153,357,1,0,0,0
2,153,357,2,0,1,0
5,153,357,1,0,0,0
1,153,357,1,0,0,0
4,153,357,2,0,1,0
3,153,357,0,1,0,0
3,153,357,1,1,0,0
5,153,357,1,0,1,0
1,153,357,2,0,0,0
0,153,357,3,0,0,0
4,153,357,1,0,0,0
1,153,357,1,0,0,0
5,153,357,4,0,0,0
0,153,357,1,0,0,0
4,153,357,1,0,1,0
0,154,359,3,0,0,0
5,154,359,3,0,0,0
2,154,359,0,2,0,0
4,154,359,1,0,0,0
2,154,359,0,0,1,0
3,154,359,1,0,0,0
5,154,359,1,0,2,0
1,154,359,0,0,1,0
0,154,359,3,0,3,0
4,154,359,0,0,1,0
5,154,359,0,0,1,0
0,154,359,1,0,0,0
3,154,359,1,0,0,0
2,154,359,2,2,1,1
4,154,359,1,1,0,0
3,155,361,2,0,0,0
5,155,361,3,0,1,0
4,155,361,1,2,0,0
1,155,361,0,0,1,0
2,155,361,1,0,2,0
5,155,361,1,0,0,0
1,155,361,1,0,0,0
4,155,361,1,0,0,0
3,155,361,1,0,1,0
2,155,361,1,0,0,0
3,155,361,1,0,0,0
5,155,361,3,0,2,0
1,155,361,4,0,0,0
0,155,361,0,2,0,0
4,155,361,2,0,1,0
1,155,361,0,1,0,0
5,155,361,3,0,0,0
0,155,361,2,0,0,0
3,155,361,0,0,2,0
2,155,361,6,3,0,1
4,155,361,0,2,1,0
0,156,364,19,0,0,0
3,156,364,1,0,0,0
0,156,364,3,0,0,0
5,156,364,6,0,0,0
4,156,364,1,7,1,0
1,156,364,1,0,0,0
2,156,364,3,1,2,1
5,156,364,4,0,4,0
1,156,364,3,0,0,1
4,156,364,3,0,0,0
3,156,364,2,2,1,0
2,156,364,4,1,0,0
3,156,364,1,2,0,1
5,156,364,7,0,0,0
1,156,364,6,1,4,0
0,156,364,6,0,0,0
4,156,364,2,1,0,0
1,156,364,1,0,2,0
5,156,364,6,0,2,1
0,156,364,4,0,1,0
3,156,364,1,0,0,0
2,156,364,2,0,4,0
4,156,364,2,0,0,0
